Hanzi,English,Pinyin,Pinyin + English,Hanzi + Pinyin
结束,end/finish,jiéshù,jiéshù - end/finish,结束 - jiéshù
论文,thesis,lùnwén,lùnwén - thesis,论文 - lùnwén
口音,accent,kǒuyīn,kǒuyīn - accent,口音 - kǒuyīn
方言,dialect,fāngyán,fāngyán - dialect,方言 - fāngyán
速度,speed,sùdù,sùdù - speed,速度 - sùdù
科学,science,kēxué,kēxué - science,科学 - kēxué
政治科學,political science,zhèngzhì kēxue,zhèngzhì kēxue - political science,政治科學 - zhèngzhì kēxue
政治,politics,zhèngzhì,zhèngzhì - politics,政治 - zhèngzhì
哲学,philosophy,zhéxué,zhéxué - philosophy,哲学 - zhéxué
脑,brain,nǎo,nǎo - brain,脑 - nǎo
神经科学,neuroscience,shénjīng kēxué,shénjīng kēxué - neuroscience,神经科学 - shénjīng kēxué
神经,neuron,shénjīng,shénjīng - neuron,神经 - shénjīng
医学,medicine,yīxué,yīxué - medicine,医学 - yīxué
辛苦,hard,xīnkǔ,xīnkǔ - hard,辛苦 - xīnkǔ
压力,pressure/stress,yālì,yālì - pressure/stress,压力 - yālì
毕业,graduation,bìyè,bìyè - graduation,毕业 - bìyè
教授,professor,jiàoshòu,jiàoshòu - professor,教授 - jiàoshòu
教育,education,jiàoyù,jiàoyù - education,教育 - jiàoyù
经济,Economics,jīngjì,jīngjì - Economics,经济 - jīngjì
留学,Overseas Study,liúxué,liúxué - Overseas Study,留学 - liúxué
流利,fluent,liúlì,liúlì - fluent,流利 - liúlì
压力,pressure,yālì,yālì - pressure,压力 - yālì
知识,knowledge,zhīshì,zhīshì - knowledge,知识 - zhīshì
机会,opportunity (n.) ,jīhuì,jīhuì - opportunity (n.) ,机会 - jīhuì
教育,éducation (n.) ,jiàoyù,jiàoyù - éducation (n.) ,教育 - jiàoyù
疫苗,vaccine (n.) ,yìmiáo,yìmiáo - vaccine (n.) ,疫苗 - yìmiáo
病毒,virus (n.) ,bìngdú,bìngdú - virus (n.) ,病毒 - bìngdú
感染,to infect (v.) ,gǎnrǎn,gǎnrǎn - to infect (v.) ,感染 - gǎnrǎn
安全,safety (n.); safe (adj.) ,ānquán,ānquán - safety (n.); safe (adj.) ,安全 - ānquán
专心,to concentrate (v.),zhuānxīn,zhuānxīn - to concentrate (v.),专心 - zhuānxīn
困难,difficult (adj.),kùnnán,kùnnán - difficult (adj.),困难 - kùnnán
研究,"to research, to have knowledge in sth. (v.) ",yánjiū,"yánjiū - to research, to have knowledge in sth. (v.) ",研究 - yánjiū
声音,sound (n.) ,shēngyīn,shēngyīn - sound (n.) ,声音 - shēngyīn
老板,boss (n.) ,lǎobǎn,lǎobǎn - boss (n.) ,老板 - lǎobǎn
顾问,consultant,Gùwèn,Gùwèn - consultant,顾问 - Gùwèn
电脑语言,computer language ,diànnǎo yǔyán,diànnǎo yǔyán - computer language ,电脑语言 - diànnǎo yǔyán
数据,data,shùjù,shùjù - data,数据 - shùjù
主管,supervisor/manager,zhǔguǎn,zhǔguǎn - supervisor/manager,主管 - zhǔguǎn
领域,area/field,lǐngyù,lǐngyù - area/field,领域 - lǐngyù
媒体,media,méitǐ,méitǐ - media,媒体 - méitǐ
顾客,customer (n.),gùkè,gùkè - customer (n.),顾客 - gùkè
客户,client (n.),kèhù,kèhù - client (n.),客户 - kèhù
聚会,meeting (n.),jùhuì,jùhuì - meeting (n.),聚会 - jùhuì
加入,to take part in/ to join/ to participate (v.) ,jiārù,jiārù - to take part in/ to join/ to participate (v.) ,加入 - jiārù
做生意,Do business,zuò shēngyì,zuò shēngyì - Do business,做生意 - zuò shēngyì
笔记本,notebook,bǐjìběn,bǐjìběn - notebook,笔记本 - bǐjìběn
负责,be responsible for,fùzé,fùzé - be responsible for,负责 - fùzé
工资,wages,gōngzī,gōngzī - wages,工资 - gōngzī
顾客,customer,gùkè,gùkè - customer,顾客 - gùkè
护士,Nurse,hùshì,hùshì - Nurse,护士 - hùshì
记者,Reporter,jìzhě,jìzhě - Reporter,记者 - jìzhě
技术,technology,jìshù,jìshù - technology,技术 - jìshù
加班,overtime work,jiābān,jiābān - overtime work,加班 - jiābān
奖金,bonus,jiǎngjīn,jiǎngjīn - bonus,奖金 - jiǎngjīn
经历,experience,jīnglì,jīnglì - experience,经历 - jīnglì
经验,experience,jīngyàn,jīngyàn - experience,经验 - jīngyàn
警察,Policeman,jǐngchá,jǐngchá - Policeman,警察 - jǐngchá
律师,Lawyer,lǜshī,lǜshī - Lawyer,律师 - lǜshī
判断,judge,pànduàn,pànduàn - judge,判断 - pànduàn
演员,"performer, actor",yǎnyuán,"yǎnyuán - performer, actor",演员 - yǎnyuán
招聘,recruit,zhāopìn,zhāopìn - recruit,招聘 - zhāopìn
专门,specialized,zhuānmén,zhuānmén - specialized,专门 - zhuānmén
赚,earn,zhuàn,zhuàn - earn,赚 - zhuàn
准时,on time,zhǔnshí,zhǔnshí - on time,准时 - zhǔnshí
作者,author,zuòzhě,zuòzhě - author,作者 - zuòzhě
经验,expérience (n.) ,jīngyàn,jīngyàn - expérience (n.) ,经验 - jīngyàn
裁缝,tailor (n.) ,cáiféng,cáiféng - tailor (n.) ,裁缝 - cáiféng
生意头脑,business mind (n.) ,shēngyì tóunǎo,shēngyì tóunǎo - business mind (n.) ,生意头脑 - shēngyì tóunǎo
作家,writer (n.) ,zuòjiā,zuòjiā - writer (n.) ,作家 - zuòjiā
偷,to steal (v.) ,tōu,tōu - to steal (v.) ,偷 - tōu
小偷,thief (n.) ,xiǎotōu,xiǎotōu - thief (n.) ,小偷 - xiǎotōu
薪水,salary (n.) ,xīnshuǐ,xīnshuǐ - salary (n.) ,薪水 - xīnshuǐ
加薪,to raise (v.) ,jiā xīn,jiā xīn - to raise (v.) ,加薪 - jiā xīn
下属,subordinate (n.) ,xiàshǔ,xiàshǔ - subordinate (n.) ,下属 - xiàshǔ
访问,interview,fǎngwèn,fǎngwèn - interview,访问 - fǎngwèn
产品,product (n.) ,chǎnpǐn,chǎnpǐn - product (n.) ,产品 - chǎnpǐn
生产,to produce (v.) ,shēngchǎn,shēngchǎn - to produce (v.) ,生产 - shēngchǎn
内部,internal (adj.) ,nèibù,nèibù - internal (adj.) ,内部 - nèibù
外部,external (adj.) ,wàibù,wàibù - external (adj.) ,外部 - wàibù
进步,"progress, improvement (n.) ",jìnbù,"jìnbù - progress, improvement (n.) ",进步 - jìnbù
解决,to solve (v.) ,jiějué,jiějué - to solve (v.) ,解决 - jiějué
方法,"method, approach (n.) ",fāngfǎ,"fāngfǎ - method, approach (n.) ",方法 - fāngfǎ
升迁,promotion (n.) ,shēngqiān,shēngqiān - promotion (n.) ,升迁 - shēngqiān
风险,risk (n.) ,fēngxiǎn,fēngxiǎn - risk (n.) ,风险 - fēngxiǎn
保险,insurance (n.) ,bǎoxiǎn,bǎoxiǎn - insurance (n.) ,保险 - bǎoxiǎn
实用,practical (adj.),shíyòng,shíyòng - practical (adj.),实用 - shíyòng
控制,to control (v.) ,kòngzhì,kòngzhì - to control (v.) ,控制 - kòngzhì
堵车,traffic jam,dǔchē,dǔchē - traffic jam,堵车 - dǔchē
方向,direction,fāngxiàng,fāngxiàng - direction,方向 - fāngxiàng
加油站,Gas station,jiāyóu zhàn,jiāyóu zhàn - Gas station,加油站 - jiāyóu zhàn
交通,traffic,jiāotōng,jiāotōng - traffic,交通 - jiāotōng
距离,distance,jùlí,jùlí - distance,距离 - jùlí
趟,trip,tàng,tàng - trip,趟 - tàng
座,Seat,zuò,zuò - Seat,座 - zuò
公交车,bus,Gōngjiāochē,Gōngjiāochē - bus,公交车 - Gōngjiāochē
自行车,bicycle,zìxíngchē,zìxíngchē - bicycle,自行车 - zìxíngchē
火车,train,huǒchē,huǒchē - train,火车 - huǒchē
飞机,airplane,fēijī,fēijī - airplane,飞机 - fēijī
出租车,taxi,chūzūchē,chūzūchē - taxi,出租车 - chūzūchē
摩头车,motorcycle,mótóuchē,mótóuchē - motorcycle,摩头车 - mótóuchē
地铁,subway,dìtiě,dìtiě - subway,地铁 - dìtiě
船,boat,chuán,chuán - boat,船 - chuán
撞见,to bump into + sb.,Zhuàngjiàn,Zhuàngjiàn - to bump into + sb.,撞见 - Zhuàngjiàn
走路,to walk (v.) ,Zǒulù,Zǒulù - to walk (v.) ,走路 - Zǒulù
停车场,parking lot (n.) ,tíngchē chǎng,tíngchē chǎng - parking lot (n.) ,停车场 - tíngchē chǎng
塞车,traffic jam (n.) ,sāichē,sāichē - traffic jam (n.) ,塞车 - sāichē
堵车,traffic jam (n.) ,dǔchē,dǔchē - traffic jam (n.) ,堵车 - dǔchē
座位,seat (n.) ,zuòwèi,zuòwèi - seat (n.) ,座位 - zuòwèi
请问,"Excuse me, may I ask + question ",qǐngwèn,"qǐngwèn - Excuse me, may I ask + question ",请问 - qǐngwèn
怎么去,How to go to + place ?,zěnme qù,zěnme qù - How to go to + place ?,怎么去 - zěnme qù
沿着,along ,yánzhe,yánzhe - along ,沿着 - yánzhe
一直走到底,walk straight all the way until the end ,yīzhí zǒu dàodǐ,yīzhí zǒu dàodǐ - walk straight all the way until the end ,一直走到底 - yīzhí zǒu dàodǐ
左转,turn left ,zuǒ zhuǎn,zuǒ zhuǎn - turn left ,左转 - zuǒ zhuǎn
右转,turn right ,yòu zhuǎn,yòu zhuǎn - turn right ,右转 - yòu zhuǎn
坐多久?,How long does it take to get there? ,zuò duōjiǔ,zuò duōjiǔ - How long does it take to get there? ,坐多久? - zuò duōjiǔ
从...,到... from... to... ,cóng dào,cóng dào - 到... from... to... ,从... - cóng dào
再一次,again ,zài yīcì,zài yīcì - again ,再一次 - zài yīcì
线,line (n.) ,xiàn,xiàn - line (n.) ,线 - xiàn
售票机,ticket machine (n.) ,shòupiào jī,shòupiào jī - ticket machine (n.) ,售票机 - shòupiào jī
目的地,destination (n.) ,mùdì de,mùdì de - destination (n.) ,目的地 - mùdì de
公里,kilometer ,gōnglǐ,gōnglǐ - kilometer ,公里 - gōnglǐ
公尺,meter ,gōng chǐ,gōng chǐ - meter ,公尺 - gōng chǐ
公分,centimeter ,gōngfēn,gōngfēn - centimeter ,公分 - gōngfēn
旅馆,hotel (n.) ,lǚguǎn,lǚguǎn - hotel (n.) ,旅馆 - lǚguǎn
邮局,post office (n.) ,yóujú,yóujú - post office (n.) ,邮局 - yóujú
警察局,police station (n.) ,jǐngchá jú,jǐngchá jú - police station (n.) ,警察局 - jǐngchá jú
消防局,fire department (n.) ,xiāofáng jú,xiāofáng jú - fire department (n.) ,消防局 - xiāofáng jú
幼稚园,kindergarten (n.) ,yòuzhìyuán,yòuzhìyuán - kindergarten (n.) ,幼稚园 - yòuzhìyuán
面包店,bakery (n.) ,miànbāo diàn,miànbāo diàn - bakery (n.) ,面包店 - miànbāo diàn
早餐店,breakfast place (n.) ,zǎocān diàn,zǎocān diàn - breakfast place (n.) ,早餐店 - zǎocān diàn
电影院,cinéma (n.) ,diànyǐngyuàn,diànyǐngyuàn - cinéma (n.) ,电影院 - diànyǐngyuàn
夜店,night club (n.) ,yèdiàn,yèdiàn - night club (n.) ,夜店 - yèdiàn
游泳池,swimming pool (n.) ,yóuyǒngchí,yóuyǒngchí - swimming pool (n.) ,游泳池 - yóuyǒngchí
排队,to queue (v.)  ,páiduì,páiduì - to queue (v.)  ,排队 - páiduì
对面,Opposite side,duìmiàn,duìmiàn - Opposite side,对面 - duìmiàn
台,platform,tái,tái - platform,台 - tái
抬,lift,tái,tái - lift,抬 - tái
驾照,drivers license (n.) ,jiàzhào,jiàzhào - drivers license (n.) ,驾照 - jiàzhào
市中心,city center (n.) ,shì zhōngxīn,shì zhōngxīn - city center (n.) ,市中心 - shì zhōngxīn
非洲,Africa (n.) ,fēizhōu,fēizhōu - Africa (n.) ,非洲 - fēizhōu
长城,Great Wall,chángchéng,chángchéng - Great Wall,长城 - chángchéng
长江,Yangtze River,chángjiāng,chángjiāng - Yangtze River,长江 - chángjiāng
当地,local,dāng dì,dāng dì - local,当地 - dāng dì
地球,earth,dìqiú,dìqiú - earth,地球 - dìqiú
风景,scenery,fēngjǐng,fēngjǐng - scenery,风景 - fēngjǐng
国际,international,guójì,guójì - international,国际 - guójì
海洋,ocean,hǎiyáng,hǎiyáng - ocean,海洋 - hǎiyáng
航班,flight,hángbān,hángbān - flight,航班 - hángbān
农村,countryside,nóngcūn,nóngcūn - countryside,农村 - nóngcūn
签证,visa,qiānzhèng,qiānzhèng - visa,签证 - qiānzhèng
市场,market,shìchǎng,shìchǎng - market,市场 - shìchǎng
首都,capital,shǒudū,shǒudū - capital,首都 - shǒudū
亚洲,Asia,yàzhōu,yàzhōu - Asia,亚洲 - yàzhōu
脏,dirty,zàng,zàng - dirty,脏 - zàng
中文,Chinese,zhōngwén,zhōngwén - Chinese,中文 - zhōngwén
欧洲,Europe,Ōuzhōu,Ōuzhōu - Europe,欧洲 - Ōuzhōu
美国,USA,Měiguó,Měiguó - USA,美国 - Měiguó
北美洲,North America,Běiměizhōu,Běiměizhōu - North America,北美洲 - Běiměizhōu
欧元,Euro,Ōuyuán,Ōuyuán - Euro,欧元 - Ōuyuán
美元,US Dollar,Měiyuán,Měiyuán - US Dollar,美元 - Měiyuán
巴西,Brazil,Bāxī,Bāxī - Brazil,巴西 - Bāxī
葡萄牙语,Portuguese,Pútáoyá yǔ,Pútáoyá yǔ - Portuguese,葡萄牙语 - Pútáoyá yǔ
民族,Nation,mínzú,mínzú - Nation,民族 - mínzú
湖,lake (n.) ,hú,hú - lake (n.) ,湖 - hú
背包,backpack (n.) ,bèibāo,bèibāo - backpack (n.) ,背包 - bèibāo
瑞士,Switzerland ,ruìshì,ruìshì - Switzerland ,瑞士 - ruìshì
边界,border (n.) ,biānjiè,biānjiè - border (n.) ,边界 - biānjiè
西藏,Tibet ,xīzàng,xīzàng - Tibet ,西藏 - xīzàng
省份,province (n.) ,shěngfèn,shěngfèn - province (n.) ,省份 - shěngfèn
草原,grassland (n.) ,cǎoyuán,cǎoyuán - grassland (n.) ,草原 - cǎoyuán
高兴,happy,gāoxìng,gāoxìng - happy,高兴 - gāoxìng
开心,Happy,kāixīn,kāixīn - Happy,开心 - kāixīn
生气,angry,shēngqì,shēngqì - angry,生气 - shēngqì
伤心,sad,shāngxīn,shāngxīn - sad,伤心 - shāngxīn
惊讶,surprised,jīngyà,jīngyà - surprised,惊讶 - jīngyà
放松,relax,fàngsōng,fàngsōng - relax,放松 - fàngsōng
好笑,funny,hǎoxiào,hǎoxiào - funny,好笑 - hǎoxiào
情绪,mood,qíngxù,qíngxù - mood,情绪 - qíngxù
奇怪,strange,qíguài,qíguài - strange,奇怪 - qíguài
乱的,chaotic,luàn,luàn - chaotic,乱的 - luàn
严肃的,serious,yánsù,yánsù - serious,严肃的 - yánsù
害怕,"afraid of, scared",hàipà,"hàipà - afraid of, scared",害怕 - hàipà
累,tired,lèi,lèi - tired,累 - lèi
懒惰,lazy (adj.) ,lǎnduò,lǎnduò - lazy (adj.) ,懒惰 - lǎnduò
重要,important (adj.) ,zhòngyào,zhòngyào - important (adj.) ,重要 - zhòngyào
严肃,serious (adj.),yánsù,yánsù - serious (adj.),严肃 - yánsù
同理心,empathy (n.) ,tóng lǐ xīn,tóng lǐ xīn - empathy (n.) ,同理心 - tóng lǐ xīn
好笑的,funny (adj.) ,hǎoxiào,hǎoxiào - funny (adj.) ,好笑的 - hǎoxiào
可笑的,ridiculous (adj.) ,kěxiào,kěxiào - ridiculous (adj.) ,可笑的 - kěxiào
自信(的),confidence (n.); confident (adj.),zìxìn,zìxìn - confidence (n.); confident (adj.),自信(的) - zìxìn
骄傲(的),pride (n.); proud (adj.),jiāo'ào,jiāo'ào - pride (n.); proud (adj.),骄傲(的) - jiāo'ào
高傲的,arrogant (adj.),gāo'ào,gāo'ào - arrogant (adj.),高傲的 - gāo'ào
善良,kindness (n.) ,shànliáng,shànliáng - kindness (n.) ,善良 - shànliáng
烂,"very bad, shitty (adj.) ",làn,"làn - very bad, shitty (adj.) ",烂 - làn
勇敢,brave (adj.) ,yǒnggǎn,yǒnggǎn - brave (adj.) ,勇敢 - yǒnggǎn
有活力,"vigorous, energetic (adj.)",Yǒu huólì,"Yǒu huólì - vigorous, energetic (adj.)",有活力 - Yǒu huólì
稳定,stable (adj.) ,wěndìng,wěndìng - stable (adj.) ,稳定 - wěndìng
硬,hard (adj.) ,yìng,yìng - hard (adj.) ,硬 - yìng
软,soft (adj.) ,ruǎn,ruǎn - soft (adj.) ,软 - ruǎn
自行车,bike (n.),zìxíngchē,zìxíngchē - bike (n.),自行车 - zìxíngchē
脚踏车,bike (n.),jiǎotàchē,jiǎotàchē - bike (n.),脚踏车 - jiǎotàchē
流汗,to sweat (v.),liú hàn,liú hàn - to sweat (v.),流汗 - liú hàn
汗,sweat (n.),hàn,hàn - sweat (n.),汗 - hàn
干净,clean (adj.),gānjìng,gānjìng - clean (adj.),干净 - gānjìng
清洁,to clean (v.),qīngjié,qīngjié - to clean (v.),清洁 - qīngjié
摔角,wrestling (n.),shuāijiǎo,shuāijiǎo - wrestling (n.),摔角 - shuāijiǎo
肩膀,shoulder (n.) ,jiānbǎng,jiānbǎng - shoulder (n.) ,肩膀 - jiānbǎng
机器,machine (n.),jīqì,jīqì - machine (n.),机器 - jīqì
跑步机,"treadmill, running machine (n.)",pǎobù jī,"pǎobù jī - treadmill, running machine (n.)",跑步机 - pǎobù jī
乒乓球,table tennis ,pīngpāng qiú,pīngpāng qiú - table tennis ,乒乓球 - pīngpāng qiú
篮球,basketball ,lánqiú,lánqiú - basketball ,篮球 - lánqiú
羽毛球,badminton ,yǔmáoqiú,yǔmáoqiú - badminton ,羽毛球 - yǔmáoqiú
打,to play + sports (v.),dǎ,dǎ - to play + sports (v.),打 - dǎ
借口,excuse (n.),jièkǒu,jièkǒu - excuse (n.),借口 - jièkǒu
健身房,gym (n.),jiànshēnfáng,jiànshēnfáng - gym (n.),健身房 - jiànshēnfáng
健康,health,jiànkāng,jiànkāng - health,健康 - jiànkāng
有趣的,interesting,yǒuqù de,yǒuqù de - interesting,有趣的 - yǒuqù de
兴趣,interest,xìngqù,xìngqù - interest,兴趣 - xìngqù
对...有兴趣,be interested in + sth.,duì… yǒu xìngqù,duì… yǒu xìngqù - be interested in + sth.,对...有兴趣 - duì… yǒu xìngqù
打手枪,to masturbate (v.),dǎ shǒuqiāng,dǎ shǒuqiāng - to masturbate (v.),打手枪 - dǎ shǒuqiāng
打赌,"to bet, to gamble (v.)",dǎdǔ,"dǎdǔ - to bet, to gamble (v.)",打赌 - dǎdǔ
冒险,adventure (n.); to venture (v.),màoxiǎn,màoxiǎn - adventure (n.); to venture (v.),冒险 - màoxiǎn
歌手,singer (n.) ,gēshǒu,gēshǒu - singer (n.) ,歌手 - gēshǒu
音乐人,musician (n.),yīnyuè rén,yīnyuè rén - musician (n.),音乐人 - yīnyuè rén
乐器,instrument (n.) ,yuèqì,yuèqì - instrument (n.) ,乐器 - yuèqì
,,,,
,,,,
,,,,
,,,,
,,,,
,,,,
,,,,
,,,,
,,,,
,,,,
,,,,
,,,,
,,,,
,,,,
,,,,
,,,,
,,,,
,,,,
,,,,
,,,,
,,,,
,,,,
,,,,
,,,,
,,,,
,,,,
,,,,
,,,,
,,,,
,,,,
,,,,
,,,,
,,,,
,,,,
,,,,
,,,,
,,,,
,,,,
,,,,
,,,,
,,,,
,,,,
,,,,
,,,,
,,,,
,,,,
,,,,
,,,,
,,,,
,,,,
,,,,
,,,,
,,,,
距离,distance (n.),jùlí,jùlí - distance (n.),距离 - jùlí
窗户,window (n.) ,chuānghù,chuānghù - window (n.) ,窗户 - chuānghù
,,,,
,,,,
,,,,
,,,,
危险,danger (n.),wéixiǎn,wéixiǎn - danger (n.),危险 - wéixiǎn
危险的,dangerous (adj.) ,wéixiǎn de,wéixiǎn de - dangerous (adj.) ,危险的 - wéixiǎn de
改变,to change (v.) ,gǎibiàn,gǎibiàn - to change (v.) ,改变 - gǎibiàn
赚钱,to earn (v.) ,zhuànqián,zhuànqián - to earn (v.) ,赚钱 - zhuànqián
管帐,to manage finance (v.) ,guǎn zhàng,guǎn zhàng - to manage finance (v.) ,管帐 - guǎn zhàng
正常的,normal (adj.) ,zhèngcháng,zhèngcháng - normal (adj.) ,正常的 - zhèngcháng
传统,traditional (adj.) ,chuántǒng,chuántǒng - traditional (adj.) ,传统 - chuántǒng
现代,modern (adj.) ,xiàndài,xiàndài - modern (adj.) ,现代 - xiàndài
家庭,family (n.) ,jiātíng,jiātíng - family (n.) ,家庭 - jiātíng
关系,relationship (n.) ,guānxì,guānxì - relationship (n.) ,关系 - guānxì
男女关系,relations with partner ,nánnǚ guānxì,nánnǚ guānxì - relations with partner ,男女关系 - nánnǚ guānxì
家庭关系,family relations ,jiātíng guānxì,jiātíng guānxì - family relations ,家庭关系 - jiātíng guānxì
结婚,to marry (v.) ,jiéhūn,jiéhūn - to marry (v.) ,结婚 - jiéhūn
离婚,to divorce (v.) ,líhūn,líhūn - to divorce (v.) ,离婚 - líhūn
放弃,to give up (v.) ,fàngqì,fàngqì - to give up (v.) ,放弃 - fàngqì
责任,responsibility (n.) ,zérèn,zérèn - responsibility (n.) ,责任 - zérèn
父母,parents (n.) ,fùmǔ,fùmǔ - parents (n.) ,父母 - fùmǔ
怀孕,to get pregnant (v.) ; pregnancy (v.) ,huáiyùn,huáiyùn - to get pregnant (v.) ; pregnancy (v.) ,怀孕 - huáiyùn
大人,adult (n.),dàrén,dàrén - adult (n.),大人 - dàrén
老人,old people (n.),lǎorén,lǎorén - old people (n.),老人 - lǎorén
年轻人,young people (n.),niánqīng rén,niánqīng rén - young people (n.),年轻人 - niánqīng rén
小孩,kids (n.),xiǎohái,xiǎohái - kids (n.),小孩 - xiǎohái
孩子,kids (n.),háizi,háizi - kids (n.),孩子 - háizi
和...交往,in a relational with sb.,hé… jiāowǎng,hé… jiāowǎng - in a relational with sb.,和...交往 - hé… jiāowǎng
负责任,be responsible for,fù zérèn,fù zérèn - be responsible for,负责任 - fù zérèn
责任,responsibility,zérèn,zérèn - responsibility,责任 - zérèn
保守,conservative (adj.),bǎoshǒu,bǎoshǒu - conservative (adj.),保守 - bǎoshǒu
情况,situation (n.),qíngkuàng,qíngkuàng - situation (n.),情况 - qíngkuàng
出生,to be born (v.),chūshēng,chūshēng - to be born (v.),出生 - chūshēng
生活,life,shēnghuó,shēnghuó - life,生活 - shēnghuó
人生,life (n.),rénshēng,rénshēng - life (n.),人生 - rénshēng
一生,lifetime (n.),yīshēng,yīshēng - lifetime (n.),一生 - yīshēng
行动,action (n.) ,xíngdòng,xíngdòng - action (n.) ,行动 - xíngdòng
行为,behavior (n.) ,xíngwéi,xíngwéi - behavior (n.) ,行为 - xíngwéi
成为,to become (positively),chéngwéi,chéngwéi - to become (positively),成为 - chéngwéi
变成,to become (physically/negatively),biàn chéng,biàn chéng - to become (physically/negatively),变成 - biàn chéng
生理的,physiological,shēnglǐ,shēnglǐ - physiological,生理的 - shēnglǐ
心理的,psychological,xīnlǐ,xīnlǐ - psychological,心理的 - xīnlǐ
公斤,kilogram ,gōngjīn,gōngjīn - kilogram ,公斤 - gōngjīn
担心,to worry (v.),dānxīn,dānxīn - to worry (v.),担心 - dānxīn
交朋友,to make friends (v.? ,jiāo péngyǒu,jiāo péngyǒu - to make friends (v.? ,交朋友 - jiāo péngyǒu
重的,heavy (adj.),zhòng,zhòng - heavy (adj.),重的 - zhòng
轻的,light (adj.) ,qīng,qīng - light (adj.) ,轻的 - qīng
胖的,fat (adj.),pàng,pàng - fat (adj.),胖的 - pàng
瘦的,thin (adj.),shòu,shòu - thin (adj.),瘦的 - shòu
老公,husband (n.) ,lǎogōng,lǎogōng - husband (n.) ,老公 - lǎogōng
老婆,wife (n.) ,lǎopó,lǎopó - wife (n.) ,老婆 - lǎopó
和...有关, A is related to B ,hé... Yǒuguān,hé... Yǒuguān -  A is related to B ,和...有关 - hé... Yǒuguān
影片,"film, vidéo (n.)",Yǐngpiàn,"Yǐngpiàn - film, vidéo (n.)",影片 - Yǐngpiàn
捧花,bouquet (n.),pěng huā,pěng huā - bouquet (n.),捧花 - pěng huā
抓,to grab (v.),zhuā,zhuā - to grab (v.),抓 - zhuā
婴儿,baby (n.),yīng'ér,yīng'ér - baby (n.),婴儿 - yīng'ér
体验,to expérience (v.),tǐyàn,tǐyàn - to expérience (v.),体验 - tǐyàn
新人,newly wed couple (n.),xīnrén,xīnrén - newly wed couple (n.),新人 - xīnrén
亲近,to be close to sb. (v.) ,qīnjìn,qīnjìn - to be close to sb. (v.) ,亲近 - qīnjìn
邀请,to invite (v.) ,yāoqǐng,yāoqǐng - to invite (v.) ,邀请 - yāoqǐng
建议,to suggest (v.),jiànyì,jiànyì - to suggest (v.),建议 - jiànyì
灵魂,soul (n.),línghún,línghún - soul (n.),灵魂 - línghún
适合,to suit (v.),shìhé,shìhé - to suit (v.),适合 - shìhé
合适,suitable (adj.),héshì,héshì - suitable (adj.),合适 - héshì
外甥女,niece (n.),wàishēngnǚ,wàishēngnǚ - niece (n.),外甥女 - wàishēngnǚ
继父,step father (n.),jìfù,jìfù - step father (n.),继父 - jìfù
玩具,toy (n.),wánjù,wánjù - toy (n.),玩具 - wánjù
寄,to send (v.),jì,jì - to send (v.),寄 - jì
期待,"to expect, to look forward to (v.) ",qídài,"qídài - to expect, to look forward to (v.) ",期待 - qídài
惊喜,surprise (n.) ,jīngxǐ,jīngxǐ - surprise (n.) ,惊喜 - jīngxǐ
决定,"to decide, decision (v.) (n.)",juédìng,"juédìng - to decide, decision (v.) (n.)",决定 - juédìng
室友,flatmate (n.),shìyǒu,shìyǒu - flatmate (n.),室友 - shìyǒu
复杂,complicated (adj.) ,fùzá,fùzá - complicated (adj.) ,复杂 - fùzá
交换礼物,exchange gifts ,jiāohuàn lǐwù,jiāohuàn lǐwù - exchange gifts ,交换礼物 - jiāohuàn lǐwù
收,to receive (v.) ,shōu,shōu - to receive (v.) ,收 - shōu
欺负,to bully (v.),qīfù,qīfù - to bully (v.),欺负 - qīfù
讨论,to discuss (v.); discussion (n.),tǎolùn,tǎolùn - to discuss (v.); discussion (n.),讨论 - tǎolùn
比较,to compare (v.) ,bǐjiào,bǐjiào - to compare (v.) ,比较 - bǐjiào
一般来说,"generally speaking, in general ",yībān lái shuō,"yībān lái shuō - generally speaking, in general ",一般来说 - yībān lái shuō
说谎,to lie (v.) ,shuōhuǎng,shuōhuǎng - to lie (v.) ,说谎 - shuōhuǎng
无聊的,boring (adj.),wúliáo,wúliáo - boring (adj.),无聊的 - wúliáo
兴趣,interest (n.),xìngqù,xìngqù - interest (n.),兴趣 - xìngqù
明显的,obvious (adj.),míngxiǎn,míngxiǎn - obvious (adj.),明显的 - míngxiǎn
感觉,to feel (v.) ; feeling (n.) ,gǎnjué,gǎnjué - to feel (v.) ; feeling (n.) ,感觉 - gǎnjué
没办法,no way ,méi bànfǎ,méi bànfǎ - no way ,没办法 - méi bànfǎ
借口,excuse (n.),jièkǒu,jièkǒu - excuse (n.),借口 - jièkǒu
想像,to imagine (v.); imagination (n.) ,xiǎngxiàng,xiǎngxiàng - to imagine (v.); imagination (n.) ,想像 - xiǎngxiàng
相信,to believe (v.) ,xiāngxìn,xiāngxìn - to believe (v.) ,相信 - xiāngxìn
信任,to trust (v.); trust (n.) ,xìnrèn,xìnrèn - to trust (v.); trust (n.) ,信任 - xìnrèn
原因,reason (n.) ,yuányīn,yuányīn - reason (n.) ,原因 - yuányīn
穷人,the poor ,Qióngrén,Qióngrén - the poor ,穷人 - Qióngrén
平等,equality (n.),píngděng,píngděng - equality (n.),平等 - píngděng
男女平等,gender equality ,nánnǚ píngděng,nánnǚ píngděng - gender equality ,男女平等 - nánnǚ píngděng
选举,election (n.) ,xuǎnjǔ,xuǎnjǔ - election (n.) ,选举 - xuǎnjǔ
结果,result (n.) ,jiéguǒ,jiéguǒ - result (n.) ,结果 - jiéguǒ
性别,"sex, gender (n.) ",xìngbié,"xìngbié - sex, gender (n.) ",性别 - xìngbié
种族,race (n.) ,zhǒngzú,zhǒngzú - race (n.) ,种族 - zhǒngzú
歧视,discrimination (n.) ,qíshì,qíshì - discrimination (n.) ,歧视 - qíshì
表里不一,"duplicity, hypocrisy (n.) ",biǎo lǐ bù yī,"biǎo lǐ bù yī - duplicity, hypocrisy (n.) ",表里不一 - biǎo lǐ bù yī
评论,"to comment, to judge (v.) ",pínglùn,"pínglùn - to comment, to judge (v.) ",评论 - pínglùn
依赖,to reply on (n.) ,yīlài,yīlài - to reply on (n.) ,依赖 - yīlài
支持,to support (v.) ,zhīchí,zhīchí - to support (v.) ,支持 - zhīchí
支持者,supporter (n.) ,zhīchí zhě,zhīchí zhě - supporter (n.) ,支持者 - zhīchí zhě
尊严,dignity (n.) ,zūnyán,zūnyán - dignity (n.) ,尊严 - zūnyán
观点,perspective (n.) ,guāndiǎn,guāndiǎn - perspective (n.) ,观点 - guāndiǎn
赢,to win (v.) ,yíng,yíng - to win (v.) ,赢 - yíng
输,to lose (v.) ,shū,shū - to lose (v.) ,输 - shū
独立,independence (n.),dúlì,dúlì - independence (n.),独立 - dúlì
环境,environment (n.) ,huánjìng,huánjìng - environment (n.) ,环境 - huánjìng
环境保护,environment protection (n.) ,huánjìng bǎohù,huánjìng bǎohù - environment protection (n.) ,环境保护 - huánjìng bǎohù
保护,to protect (v.) ,bǎohù,bǎohù - to protect (v.) ,保护 - bǎohù
市长,mayor (n.) ,shì zhǎng,shì zhǎng - mayor (n.) ,市长 - shì zhǎng
政客,politician (negative),zhèngkè,zhèngkè - politician (negative),政客 - zhèngkè
形象,image (n.) ,xíngxiàng,xíngxiàng - image (n.) ,形象 - xíngxiàng
意义,meaning (n.) ,yìyì,yìyì - meaning (n.) ,意义 - yìyì
改善,to improve (v.) ,gǎishàn,gǎishàn - to improve (v.) ,改善 - gǎishàn
抗议,to protest (v.); protest (n.) ,kàngyì,kàngyì - to protest (v.); protest (n.) ,抗议 - kàngyì
激进的,radical (adj.) ,jījìn,jījìn - radical (adj.) ,激进的 - jījìn
国防,national defense (n.) ,guófáng,guófáng - national defense (n.) ,国防 - guófáng
军事,army (n.) ,jūnshì,jūnshì - army (n.) ,军事 - jūnshì
太阳能,solar energy (n.),tàiyángnéng,tàiyángnéng - solar energy (n.),太阳能 - tàiyángnéng
能量,energy (n.) ,néngliàng,néngliàng - energy (n.) ,能量 - néngliàng
压迫,to suppress / oppress (v.) ,yāpò,yāpò - to suppress / oppress (v.) ,压迫 - yāpò
佛教,Buddhism (n.),fójiào,fójiào - Buddhism (n.),佛教 - fójiào
各付各的,go Dutch ,Gè fù gè de,Gè fù gè de - go Dutch ,各付各的 - Gè fù gè de
下酒菜,snacks (when having a drink),xià jiǔcài,xià jiǔcài - snacks (when having a drink),下酒菜 - xià jiǔcài
菜单,menu (n.),càidān,càidān - menu (n.),菜单 - càidān
付钱,to pay (v.),fù qián,fù qián - to pay (v.),付钱 - fù qián
选择,to choose (v.),xuǎnzé,xuǎnzé - to choose (v.),选择 - xuǎnzé
商店,store,shāngdiàn,shāngdiàn - store,商店 - shāngdiàn
干净,clean (adj.),gānjìng,gānjìng - clean (adj.),干净 - gānjìng
鸡尾酒,cocktail,Jīwěijiǔ,Jīwěijiǔ - cocktail,鸡尾酒 - Jīwěijiǔ
喝醉,to get drunk,hē zuì,hē zuì - to get drunk,喝醉 - hē zuì
煮饭,to cook (v.),Zhǔ fàn,Zhǔ fàn - to cook (v.),煮饭 - Zhǔ fàn
做饭,to cook (v.) ,zuò fàn,zuò fàn - to cook (v.) ,做饭 - zuò fàn
很难喝,disgusting/bad taste (drinks),hěn nán hē,hěn nán hē - disgusting/bad taste (drinks),很难喝 - hěn nán hē
暖气,heater (n.),nuǎnqì,nuǎnqì - heater (n.),暖气 - nuǎnqì
春天,spring (n.),chūntiān,chūntiān - spring (n.),春天 - chūntiān
夏天,summer (n.),xiàtiān,xiàtiān - summer (n.),夏天 - xiàtiān
秋天,autumn (n.),qiūtiān,qiūtiān - autumn (n.),秋天 - qiūtiān
冬天,winter (n.),dōngtiān,dōngtiān - winter (n.),冬天 - dōngtiān
春夏秋东,spring summer autumn winter,chūn xiàqiūdōng,chūn xiàqiūdōng - spring summer autumn winter,春夏秋东 - chūn xiàqiūdōng
前天,the day before yesterday ,qiántiān,qiántiān - the day before yesterday ,前天 - qiántiān
昨天,yesterday ,zuótiān,zuótiān - yesterday ,昨天 - zuótiān
今天,today ,jīntiān,jīntiān - today ,今天 - jīntiān
明天,tomorrow ,míngtiān,míngtiān - tomorrow ,明天 - míngtiān
后天,the day after tomorrow ,hòutiān,hòutiān - the day after tomorrow ,后天 - hòutiān
去年,last year ,qùnián,qùnián - last year ,去年 - qùnián
今年,this year ,jīnnián,jīnnián - this year ,今年 - jīnnián
明年,next year ,míngnián,míngnián - next year ,明年 - míngnián
气候,climate (n.),qìhòu,qìhòu - climate (n.),气候 - qìhòu
暖化,warming (v.),nuǎn huà,nuǎn huà - warming (v.),暖化 - nuǎn huà
打雷,thunder (v.),dǎléi,dǎléi - thunder (v.),打雷 - dǎléi
这几年,"these years, lately, recently  ",zhè jǐ nián,"zhè jǐ nián - these years, lately, recently  ",这几年 - zhè jǐ nián
之后,afterwards (adv.) ,zhīhòu,zhīhòu - afterwards (adv.) ,之后 - zhīhòu
通常,usually,tōngcháng,tōngcháng - usually,通常 - tōngcháng
总是,always,zǒng shì,zǒng shì - always,总是 - zǒng shì
暖气,heater (n.),nuǎnqì,nuǎnqì - heater (n.),暖气 - nuǎnqì
冷气,air conditioner (n.),lěngqì,lěngqì - air conditioner (n.),冷气 - lěngqì
以前,"before, in the past",yǐqián,"yǐqián - before, in the past",以前 - yǐqián
上周,last week ,shàng zhōu,shàng zhōu - last week ,上周 - shàng zhōu
下周,next Week ,xià zhōu,xià zhōu - next Week ,下周 - xià zhōu
放假,to take holidays (v.),fàngjià,fàngjià - to take holidays (v.),放假 - fàngjià
假日,holiday (n.) ,jiàrì,jiàrì - holiday (n.) ,假日 - jiàrì
改天,"another time, another day ",gǎitiān,"gǎitiān - another time, another day ",改天 - gǎitiān
脸,face,liǎn,liǎn - face,脸 - liǎn
皮肤,skin,pífū,pífū - skin,皮肤 - pífū
嘴巴,mouth,zuǐbā,zuǐbā - mouth,嘴巴 - zuǐbā
眉毛,eyebrow,méimáo,méimáo - eyebrow,眉毛 - méimáo
睫毛,eyelash,jiémáo,jiémáo - eyelash,睫毛 - jiémáo
胡子,beard,húzi,húzi - beard,胡子 - húzi
脖子,neck,bózi,bózi - neck,脖子 - bózi
胸部,chest,xiōngbù,xiōngbù - chest,胸部 - xiōngbù
背部,back,bèibù,bèibù - back,背部 - bèibù
手臂,arm,shǒubì,shǒubì - arm,手臂 - shǒubì
肩膀,shoulder,jiānbǎng,jiānbǎng - shoulder,肩膀 - jiānbǎng
屁股,butt,pìgu,pìgu - butt,屁股 - pìgu
手指,finger,shǒuzhǐ,shǒuzhǐ - finger,手指 - shǒuzhǐ
脚趾,toe,jiǎozhǐ,jiǎozhǐ - toe,脚趾 - jiǎozhǐ
大腿,thigh,dàtuǐ,dàtuǐ - thigh,大腿 - dàtuǐ
小腿,calf,xiǎotuǐ,xiǎotuǐ - calf,小腿 - xiǎotuǐ
牙齿,teeth (n.),Yáchǐ,Yáchǐ - teeth (n.),牙齿 - Yáchǐ
舌头,tongue (n.),shétou,shétou - tongue (n.),舌头 - shétou
身体,body (n.),shēntǐ,shēntǐ - body (n.),身体 - shēntǐ
头,head (n.),tóu,tóu - head (n.),头 - tóu
肚子,belly (n.),dùzi,dùzi - belly (n.),肚子 - dùzi
啤酒肚,béer belly (n.),píjiǔdù,píjiǔdù - béer belly (n.),啤酒肚 - píjiǔdù
手掌,palm (n.),shǒuzhǎng,shǒuzhǎng - palm (n.),手掌 - shǒuzhǎng
脚掌,source of the feet (n.),jiǎozhǎng,jiǎozhǎng - source of the feet (n.),脚掌 - jiǎozhǎng
手毛,hair (on the arms) ,shǒu máo,shǒu máo - hair (on the arms) ,手毛 - shǒu máo
脚毛,haïr (on thé legs) ,jiǎo máo,jiǎo máo - haïr (on thé legs) ,脚毛 - jiǎo máo
膝盖,knee (n.) ,xīgài,xīgài - knee (n.) ,膝盖 - xīgài
鸭,Duck,Yā,Yā - Duck,鸭 - Yā
鸡,Chicken,jī,jī - Chicken,鸡 - jī
狗,Dog,gǒu,gǒu - Dog,狗 - gǒu
猫,Cat,māo,māo - Cat,猫 - māo
鸟,Bird,niǎo,niǎo - Bird,鸟 - niǎo
牛,Cow,niú,niú - Cow,牛 - niú
马,Horse,mǎ,mǎ - Horse,马 - mǎ
老鼠,Mouse,lǎoshǔ,lǎoshǔ - Mouse,老鼠 - lǎoshǔ
羊,Sheep,yáng,yáng - Sheep,羊 - yáng
猴子,Monkey,hóuzi,hóuzi - Monkey,猴子 - hóuzi
兔子,Bunny,tùzǐ,tùzǐ - Bunny,兔子 - tùzǐ
猪,Pig,zhū,zhū - Pig,猪 - zhū
鹿,Deer,lù,lù - Deer,鹿 - lù
熊,Bear,xióng,xióng - Bear,熊 - xióng
大象,Elephant,dà xiàng,dà xiàng - Elephant,大象 - dà xiàng
狐狸,Fox,húlí,húlí - Fox,狐狸 - húlí
狮子,Lion,shīzi,shīzi - Lion,狮子 - shīzi
老虎,Tiger,lǎohǔ,lǎohǔ - Tiger,老虎 - lǎohǔ
熊猫,Panda,xióngmāo,xióngmāo - Panda,熊猫 - xióngmāo
无尾熊,Koala,wuweixiong,wuweixiong - Koala,无尾熊 - wuweixiong
农场,farm (n.),nóngchǎng,nóngchǎng - farm (n.),农场 - nóngchǎng
臭,"stink, smelly (adj.)",chòu,"chòu - stink, smelly (adj.)",臭 - chòu
香,smells good (could be food or perfume or flower) (adj.),xiāng,xiāng - smells good (could be food or perfume or flower) (adj.),香 - xiāng
香水,perfume (n.),xiāngshuǐ,xiāngshuǐ - perfume (n.),香水 - xiāngshuǐ
大便,poop (n.) ,dàbiàn,dàbiàn - poop (n.) ,大便 - dàbiàn
小便,pee (n.),xiǎobiàn,xiǎobiàn - pee (n.),小便 - xiǎobiàn
动物园,zoo (n.),dòngwùyuán,dòngwùyuán - zoo (n.),动物园 - dòngwùyuán
猴子,monkey (n.),hóuzi,hóuzi - monkey (n.),猴子 - hóuzi
鹅,goose (n.),é,é - goose (n.),鹅 - é
蛇,snake (n.) ,shé,shé - snake (n.) ,蛇 - shé
豹,leopard (n.) ,bào,bào - leopard (n.) ,豹 - bào
乌龟,tortoise (n.),wūguī,wūguī - tortoise (n.),乌龟 - wūguī
动物,animal (n.),dòngwù,dòngwù - animal (n.),动物 - dòngwù
宠物,pet (n.),chǒngwù,chǒngwù - pet (n.),宠物 - chǒngwù
宠,to spoil (v.) ,chǒng,chǒng - to spoil (v.) ,宠 - chǒng
恐龙,dinosaur (n.),kǒnglóng,kǒnglóng - dinosaur (n.),恐龙 - kǒnglóng
植物,plant (n.),zhíwù,zhíwù - plant (n.),植物 - zhíwù
椅子,chair (n.) ,yǐzi,yǐzi - chair (n.) ,椅子 - yǐzi
窗户,window (n.) ,chuānghù,chuānghù - window (n.) ,窗户 - chuānghù
镜子,mirror (n.) ,jìngzi,jìngzi - mirror (n.) ,镜子 - jìngzi
房间,room (n.) ,fángjiān,fángjiān - room (n.) ,房间 - fángjiān
厨房,kitchen (n.) ,chúfáng,chúfáng - kitchen (n.) ,厨房 - chúfáng
客厅,living room (n.) ,kètīng,kètīng - living room (n.) ,客厅 - kètīng
餐厅,restaurant (n.) ,cāntīng,cāntīng - restaurant (n.) ,餐厅 - cāntīng
冰箱,fridge (n.) ,bīngxiāng,bīngxiāng - fridge (n.) ,冰箱 - bīngxiāng
衣柜,wardrobe (n.) ,yīguì,yīguì - wardrobe (n.) ,衣柜 - yīguì
沙发,sofa (n.) ,shāfā,shāfā - sofa (n.) ,沙发 - shāfā
窗帘,curtain (n.) ,chuānglián,chuānglián - curtain (n.) ,窗帘 - chuānglián
地板,floor (n.) ,dìbǎn,dìbǎn - floor (n.) ,地板 - dìbǎn
地毯,carpet (n.) ,dìtǎn,dìtǎn - carpet (n.) ,地毯 - dìtǎn
毯子,blanket (n.) ,tǎnzi,tǎnzi - blanket (n.) ,毯子 - tǎnzi
家具,furniture (n.) ,jiājù,jiājù - furniture (n.) ,家具 - jiājù
枕头,pillow (n.) ,zhěntou,zhěntou - pillow (n.) ,枕头 - zhěntou
门铃,doorbell,ménlíng,ménlíng - doorbell,门铃 - ménlíng
空间,space (n.) ,kōngjiān,kōngjiān - space (n.) ,空间 - kōngjiān
地下室,cellar (n.) ,dìxiàshì,dìxiàshì - cellar (n.) ,地下室 - dìxiàshì
柳丁,orange (n.),liǔ dīng,liǔ dīng - orange (n.),柳丁 - liǔ dīng
橘子,mandarine (n.),júzi,júzi - mandarine (n.),橘子 - júzi
花椰菜,brocoli (n.),huāyēcài,huāyēcài - brocoli (n.),花椰菜 - huāyēcài
红萝卜,carrot (n.),hóng luóbo,hóng luóbo - carrot (n.),红萝卜 - hóng luóbo
草莓,strawberry,Cǎoméi,Cǎoméi - strawberry,草莓 - Cǎoméi
葡萄,grapes,pútáo,pútáo - grapes,葡萄 - pútáo
梨,pear,lí,lí - pear,梨 - lí
柠檬,lemon,níngméng,níngméng - lemon,柠檬 - níngméng
土豆,potato,tǔdòu,tǔdòu - potato,土豆 - tǔdòu
洋葱,onion,yángcōng,yángcōng - onion,洋葱 - yángcōng
包菜,salad,bāo,bāo - salad,包菜 - bāo
蘑菇,mushroom,cài,cài - mushroom,蘑菇 - cài
黄瓜,cucumber,mógū,mógū - cucumber,黄瓜 - mógū
玉米,corn,huángguā,huángguā - corn,玉米 - huángguā
南瓜,pumpkin,yùmǐ,yùmǐ - pumpkin,南瓜 - yùmǐ
巧克力,chocolate (n.) ,qiǎokèlì,qiǎokèlì - chocolate (n.) ,巧克力 - qiǎokèlì
琴酒,Gin ,qín jiǔ,qín jiǔ - Gin ,琴酒 - qín jiǔ
酒精,alcohol ,jiǔjīng,jiǔjīng - alcohol ,酒精 - jiǔjīng
上衣,shirt/top,Shàngyī,Shàngyī - shirt/top,上衣 - Shàngyī
大衣,coat,dàyī,dàyī - coat,大衣 - dàyī
雨衣,raincoat,yǔyī,yǔyī - raincoat,雨衣 - yǔyī
毛衣,sweater,máoyī,máoyī - sweater,毛衣 - máoyī
夹克,jacket,jiákè,jiákè - jacket,夹克 - jiákè
外套,jacket,wàitào,wàitào - jacket,外套 - wàitào
衬衫,shirt,chènshān,chènshān - shirt,衬衫 - chènshān
裤子,pants,kùzi,kùzi - pants,裤子 - kùzi
长裤,trousers,cháng kù,cháng kù - trousers,长裤 - cháng kù
短裤,shorts,duǎnkù,duǎnkù - shorts,短裤 - duǎnkù
牛仔裤,jeans,niúzǎikù,niúzǎikù - jeans,牛仔裤 - niúzǎikù
内裤,panties,nèikù,nèikù - panties,内裤 - nèikù
内衣,underwear/bra,nèiyī,nèiyī - underwear/bra,内衣 - nèiyī
帽子,hat,màozi,màozi - hat,帽子 - màozi
毛帽,beanie,máo mào,máo mào - beanie,毛帽 - máo mào
裙子,skirt,qúnzi,qúnzi - skirt,裙子 - qúnzi
洋装,dress,yángzhuāng,yángzhuāng - dress,洋装 - yángzhuāng
袜子,sock,wàzi,wàzi - sock,袜子 - wàzi
围巾,scarf,wéijīn,wéijīn - scarf,围巾 - wéijīn
粉红色,pink,fěnhóng sè,fěnhóng sè - pink,粉红色 - fěnhóng sè
灰色,gray,huīsè,huīsè - gray,灰色 - huīsè
棕色,brown,zōngsè,zōngsè - brown,棕色 - zōngsè
咖啡色,brown,kāfēisè,kāfēisè - brown,咖啡色 - kāfēisè
紫色,purple,zǐsè,zǐsè - purple,紫色 - zǐsè
西装,suit (n.),xīzhuāng,xīzhuāng - suit (n.),西装 - xīzhuāng
正式,formal (adj.),zhèngshì,zhèngshì - formal (adj.),正式 - zhèngshì
冰岛,Iceland ,Bīngdǎo,Bīngdǎo - Iceland ,冰岛 - Bīngdǎo
博物馆,museum (n.),bówùguǎn,bówùguǎn - museum (n.),博物馆 - bówùguǎn
自然,nature (n.),zìrán,zìrán - nature (n.),自然 - zìrán
温泉,hot spring (n.) ,wēnquán,wēnquán - hot spring (n.) ,温泉 - wēnquán
火山,volcano (n.) ,huǒshān,huǒshān - volcano (n.) ,火山 - huǒshān
说服,to convince (v.) ,shuōfú,shuōfú - to convince (v.) ,说服 - shuōfú
尼泊尔,Nepal ,níbó'ěr,níbó'ěr - Nepal ,尼泊尔 - níbó'ěr
人力车,rickshaw (n.) ,rén lì chē,rén lì chē - rickshaw (n.) ,人力车 - rén lì chē
轮子,wheel (n.) ,lún zi,lún zi - wheel (n.) ,轮子 - lún zi
庆典,festival (n.) ,qìngdiǎn,qìngdiǎn - festival (n.) ,庆典 - qìngdiǎn
向导,guide (n.) ,xiàngdǎo,xiàngdǎo - guide (n.) ,向导 - xiàngdǎo
疫苗,vaccine (n.) ,yìmiáo,yìmiáo - vaccine (n.) ,疫苗 - yìmiáo
消防人员,fireman (n.) ,xiāofáng rényuán,xiāofáng rényuán - fireman (n.) ,消防人员 - xiāofáng rényuán
优先,priority (n.) ,yōuxiān,yōuxiān - priority (n.) ,优先 - yōuxiān
打疫苗,to get vaccinated (v.) ,dǎ yìmiáo,dǎ yìmiáo - to get vaccinated (v.) ,打疫苗 - dǎ yìmiáo
打针,"to get a shot, to get an injection (v.) ",dǎzhēn,"dǎzhēn - to get a shot, to get an injection (v.) ",打针 - dǎzhēn
抽血,to draw blood (v.),chōu xiě,chōu xiě - to draw blood (v.),抽血 - chōu xiě
寄信,to send a letter (v.) ,jì xìn,jì xìn - to send a letter (v.) ,寄信 - jì xìn
感动,moved (emotionally),gǎndòng,gǎndòng - moved (emotionally),感动 - gǎndòng
规定,rule (n.) ,guīdìng,guīdìng - rule (n.) ,规定 - guīdìng
消毒水,disinfection (n.) ,xiāodú shuǐ,xiāodú shuǐ - disinfection (n.) ,消毒水 - xiāodú shuǐ
享受,to enjoy (v.) ,xiǎngshòu,xiǎngshòu - to enjoy (v.) ,享受 - xiǎngshòu
接受,to accept (v.) ,jiēshòu,jiēshòu - to accept (v.) ,接受 - jiēshòu
够了,enough (adj.),Gòule,Gòule - enough (adj.),够了 - Gòule
烤箱,oven (n.),kǎoxiāng,kǎoxiāng - oven (n.),烤箱 - kǎoxiāng
食谱,receipt (n.),shípǔ,shípǔ - receipt (n.),食谱 - shípǔ
微波炉,microwave (n.),wéibōlú,wéibōlú - microwave (n.),微波炉 - wéibōlú
相处,get along (v.),xiāngchǔ,xiāngchǔ - get along (v.),相处 - xiāngchǔ
复活,résurrection (n./v.),fùhuó,fùhuó - résurrection (n./v.),复活 - fùhuó
地瓜,sweet potato (n.) ,dìguā,dìguā - sweet potato (n.) ,地瓜 - dìguā
薯条,fries (n.) ,shǔ tiáo,shǔ tiáo - fries (n.) ,薯条 - shǔ tiáo
吃素,be a vegetarian (v.) ,chīsù,chīsù - be a vegetarian (v.) ,吃素 - chīsù
素食,vegetarian food (n.) ,sùshí,sùshí - vegetarian food (n.) ,素食 - sùshí
分享,share (v.) ,fēnxiǎng,fēnxiǎng - share (v.) ,分享 - fēnxiǎng
社交活动,social activities (n.) ,shèjiāo huódòng,shèjiāo huódòng - social activities (n.) ,社交活动 - shèjiāo huódòng
社会,society (n.) ,shèhuì,shèhuì - society (n.) ,社会 - shèhuì
享受,enjoy (v/adj.) ,xiǎngshòu,xiǎngshòu - enjoy (v/adj.) ,享受 - xiǎngshòu
分手,break up (v.) ,fēnshǒu,fēnshǒu - break up (v.) ,分手 - fēnshǒu
经验,expérience (n.) ,jīngyàn,jīngyàn - expérience (n.) ,经验 - jīngyàn
诚实的,honest (adj.),chéngshí,chéngshí - honest (adj.),诚实的 - chéngshí
做自己,be yourself (v.) ,zuò zìjǐ,zuò zìjǐ - be yourself (v.) ,做自己 - zuò zìjǐ
解释,to explain (v.) ,Jiěshì,Jiěshì - to explain (v.) ,解释 - Jiěshì
乡下,countryside (n.) ,xiāngxià,xiāngxià - countryside (n.) ,乡下 - xiāngxià
盖房子,to build a house (n.) ,gài fángzi,gài fángzi - to build a house (n.) ,盖房子 - gài fángzi
确定,to ensure (v.) ,quèdìng,quèdìng - to ensure (v.) ,确定 - quèdìng
资本主义,capitalism (n.) ,zīběn zhǔyì,zīběn zhǔyì - capitalism (n.) ,资本主义 - zīběn zhǔyì
舒适圈,comfort zone (n.) ,shūshì quān,shūshì quān - comfort zone (n.) ,舒适圈 - shūshì quān
失去,to lose sth/sb. (v.) ,shīqù,shīqù - to lose sth/sb. (v.) ,失去 - shīqù
输,to lose a game or a competition (v.) ,Shū,Shū - to lose a game or a competition (v.) ,输 - Shū
清单,checklist (n.) ,qīngdān,qīngdān - checklist (n.) ,清单 - qīngdān
整齐,neat (adj.) ,zhěngqí,zhěngqí - neat (adj.) ,整齐 - zhěngqí
闻到,to smell (v.) ,wén dào,wén dào - to smell (v.) ,闻到 - wén dào
味道,"smell/odor, taste (n.) ",wèidào,"wèidào - smell/odor, taste (n.) ",味道 - wèidào
夹子,clip (n.) ,jiázi,jiázi - clip (n.) ,夹子 - jiázi
想家,homesick (adj./v.),xiǎng jiā,xiǎng jiā - homesick (adj./v.),想家 - xiǎng jiā
思乡,home sick ,sīxiāng,sīxiāng - home sick ,思乡 - sīxiāng
