Hanzi,Pinyin,English,Hanzi + Pinyin,Pinyin + English,HSK level
下个星期天把朋友们都叫来一起吃饭。,Xià gè xīngqītiān bǎ péngyoumen dōu jiào lái yìqǐ chīfàn.,"Next Sunday, let's gather friends to eat together.",下个星期天把朋友们都叫来一起吃饭。 - Xià gè xīngqītiān bǎ péngyoumen dōu jiào lái yìqǐ chīfàn.,"Xià gè xīngqītiān bǎ péngyoumen dōu jiào lái yìqǐ chīfàn. - Next Sunday, let's gather friends to eat together.",3
A: 我想他喜欢吃面条和蛋糕。 B: 没错！你都说对了，他喜欢吃面条和蛋糕。,"A: Wǒ xiǎng tā xǐhuan chī miàntiáo hé dàngāo. B: Méicuò! Nǐ dōu shuō duìle, tā xǐhuan chī miàntiáo hé dàngāo.","A: I think he likes to eat noodles and cake. B: Yes! You're right, he likes to eat noodles and cakes.","A: 我想他喜欢吃面条和蛋糕。 B: 没错！你都说对了，他喜欢吃面条和蛋糕。 - A: Wǒ xiǎng tā xǐhuan chī miàntiáo hé dàngāo. B: Méicuò! Nǐ dōu shuō duìle, tā xǐhuan chī miàntiáo hé dàngāo.","A: Wǒ xiǎng tā xǐhuan chī miàntiáo hé dàngāo. B: Méicuò! Nǐ dōu shuō duìle, tā xǐhuan chī miàntiáo hé dàngāo. - A: I think he likes to eat noodles and cake. B: Yes! You're right, he likes to eat noodles and cakes.",3
我终于学会开车了。,Wǒ zhōngyú xuéhuì kāichē le.,I finally learned how to drive.,我终于学会开车了。 - Wǒ zhōngyú xuéhuì kāichē le.,Wǒ zhōngyú xuéhuì kāichē le. - I finally learned how to drive.,3
你就放心地去旅游吧！我会好好照顾自己的。,Nǐ jiù fàngxīn dì qù lǚyóu ba! Wǒ huì hǎohāo zhàogù zìjǐ de.,Just don't worry and go travel! I will take care of myself!,你就放心地去旅游吧！我会好好照顾自己的。 - Nǐ jiù fàngxīn dì qù lǚyóu ba! Wǒ huì hǎohāo zhàogù zìjǐ de.,Nǐ jiù fàngxīn dì qù lǚyóu ba! Wǒ huì hǎohāo zhàogù zìjǐ de. - Just don't worry and go travel! I will take care of myself!,3
我已经报名学开车了。,Wǒ yǐjīng bàomíng xué kāichē le.,I've already applied for driving lessons.,我已经报名学开车了。 - Wǒ yǐjīng bàomíng xué kāichē le.,Wǒ yǐjīng bàomíng xué kāichē le. - I've already applied for driving lessons.,2
我很害怕一个人开车。,Wǒ hěn hàipà yígè rén kāichē.,I'm afraid to drive alone.,我很害怕一个人开车。 - Wǒ hěn hàipà yígè rén kāichē.,Wǒ hěn hàipà yígè rén kāichē. - I'm afraid to drive alone.,3
今天是假日，街道上都没有人。,"Jīntiān shì jiàrì, jiēdào shàng dōu méiyǒu rén.","Today is a holiday, so there's no one on the street.","今天是假日，街道上都没有人。 - Jīntiān shì jiàrì, jiēdào shàng dōu méiyǒu rén.","Jīntiān shì jiàrì, jiēdào shàng dōu méiyǒu rén. - Today is a holiday, so there's no one on the street.",3
他家有两辆汽车。,Tā jiā yǒu liǎng liàng qìchē.,There are two cars in his house.,他家有两辆汽车。 - Tā jiā yǒu liǎng liàng qìchē.,Tā jiā yǒu liǎng liàng qìchē. - There are two cars in his house.,3
电影的门票一张是三百元。,Diànyǐng de ménpiào yì zhāng shì sān bǎi yuán.,The ticket for cinema is 300 dollars.,电影的门票一张是三百元。 - Diànyǐng de ménpiào yì zhāng shì sān bǎi yuán.,Diànyǐng de ménpiào yì zhāng shì sān bǎi yuán. - The ticket for cinema is 300 dollars.,3
中国每年都有很多游客来旅游。,Zhōngguó měi nián dōu yǒu hěnduō yóukè lái lǚyóu.,There are a lot of tourists coming to China every year.,中国每年都有很多游客来旅游。 - Zhōngguó měi nián dōu yǒu hěnduō yóukè lái lǚyóu.,Zhōngguó měi nián dōu yǒu hěnduō yóukè lái lǚyóu. - There are a lot of tourists coming to China every year.,2
买东西的时候，要看一看东西过期了没有。,"Mǎi dōngxī de shíhòu, yào kàn yī kàn dōngxī guòqīle méiyǒu.","When you are buying things, you need to check it out if it is expired or not.","买东西的时候，要看一看东西过期了没有。 - Mǎi dōngxī de shíhòu, yào kàn yī kàn dōngxī guòqīle méiyǒu.","Mǎi dōngxī de shíhòu, yào kàn yī kàn dōngxī guòqīle méiyǒu. - When you are buying things, you need to check it out if it is expired or not.",2
他不习惯这儿的气候，太常下雨了。,"Tā bù xíguàn zhèr de qìhòu, tài cháng xiàyǔ le.","He is not used to the climate here, it rains too much.","他不习惯这儿的气候，太常下雨了。 - Tā bù xíguàn zhèr de qìhòu, tài cháng xiàyǔ le.","Tā bù xíguàn zhèr de qìhòu, tài cháng xiàyǔ le. - He is not used to the climate here, it rains too much.",3
夏天的时候，我喜欢到西班牙去旅游。,"Xiàtiān de shíhou, wǒ xǐhuan dào Xībānyá qù lǚyóu.","During the summer, I like to go travel to Spain.","夏天的时候，我喜欢到西班牙去旅游。 - Xiàtiān de shíhou, wǒ xǐhuan dào Xībānyá qù lǚyóu.","Xiàtiān de shíhou, wǒ xǐhuan dào Xībānyá qù lǚyóu. - During the summer, I like to go travel to Spain.",3
我爸妈同意我出国去读书了。,Wǒ bàmā tóngyì wǒ chūguó qù dúshū le.,My parent agree that I can go study abroad.,我爸妈同意我出国去读书了。 - Wǒ bàmā tóngyì wǒ chūguó qù dúshū le.,Wǒ bàmā tóngyì wǒ chūguó qù dúshū le. - My parent agree that I can go study abroad.,2
最近很多人感冒了。,Zuìjìn hěnduō rén gǎnmào le.,Many people have caught a cold recently.,最近很多人感冒了。 - Zuìjìn hěnduō rén gǎnmào le.,Zuìjìn hěnduō rén gǎnmào le. - Many people have caught a cold recently.,3
她不但感冒，还发烧。,"Tā bùdàn gǎnmào, hái fāshāo.","She's not just sick, but also has a fever.","她不但感冒，还发烧。 - Tā bùdàn gǎnmào, hái fāshāo.","Tā bùdàn gǎnmào, hái fāshāo. - She's not just sick, but also has a fever.",3
医生刚刚给我检查了身体。,Yīsheng gānggāng gěi wǒ jiǎnchá le shēntǐ.,The doctor just gave me a full body checkup.,医生刚刚给我检查了身体。 - Yīsheng gānggāng gěi wǒ jiǎnchá le shēntǐ.,Yīsheng gānggāng gěi wǒ jiǎnchá le shēntǐ. - The doctor just gave me a full body checkup.,3
你最好别晚睡了，对身体不好。,"Nǐ zuìhǎo bié wǎnshuì le, duì shēntǐ bùhǎo.","You'd better not stay up late, it's not good for your health.","你最好别晚睡了，对身体不好。 - Nǐ zuìhǎo bié wǎnshuì le, duì shēntǐ bùhǎo.","Nǐ zuìhǎo bié wǎnshuì le, duì shēntǐ bùhǎo. - You'd better not stay up late, it's not good for your health.",2
最近这公司找了很多高学历的人进去工作。,zuì jìn zhè gōng sī zhǎo le hěn duō gāo xué lì de rén jìnqù gōng zuò.,"These day, this company asked many workers of high educational background to work for them.",最近这公司找了很多高学历的人进去工作。 - zuì jìn zhè gōng sī zhǎo le hěn duō gāo xué lì de rén jìnqù gōng zuò.,"zuì jìn zhè gōng sī zhǎo le hěn duō gāo xué lì de rén jìnqù gōng zuò. - These day, this company asked many workers of high educational background to work for them.",3
我们公司因为事情很多决定要请两个人来帮忙。,Wǒmen gōngsī yīnwèi shìqíng hěn duō juédìng yào qǐng liǎng gè rén lái bāngmáng.,We have a lot to do in the company so we decide hire two more people to help.,我们公司因为事情很多决定要请两个人来帮忙。 - Wǒmen gōngsī yīnwèi shìqíng hěn duō juédìng yào qǐng liǎng gè rén lái bāngmáng.,Wǒmen gōngsī yīnwèi shìqíng hěn duō juédìng yào qǐng liǎng gè rén lái bāngmáng. - We have a lot to do in the company so we decide hire two more people to help.,3
我爸爸在北京做生意，每个月才回家一次。,"Wǒ bàba zài Běijīng zuò shēngyì, měi gè yuè cái huíjiā yí cì.","My father does business in Peking, he only comes home once a month.","我爸爸在北京做生意，每个月才回家一次。 - Wǒ bàba zài Běijīng zuò shēngyì, měi gè yuè cái huíjiā yí cì.","Wǒ bàba zài Běijīng zuò shēngyì, měi gè yuè cái huíjiā yí cì. - My father does business in Peking, he only comes home once a month.",3
我跟他有一样的爱好，我们都喜欢旅游。下次我们打算一起去中国旅游。,"Wǒ gēn tā yǒu yíyàng de àihào, wǒmen dōu xǐhuan lǚyóu. Xiàcì wǒmen dǎsuàn yìqǐ qù Zhōngguó lǚyóu.","He and I have the same hobby, we both love to travel. We are planning to travel to China next time.","我跟他有一样的爱好，我们都喜欢旅游。下次我们打算一起去中国旅游。 - Wǒ gēn tā yǒu yíyàng de àihào, wǒmen dōu xǐhuan lǚyóu. Xiàcì wǒmen dǎsuàn yìqǐ qù Zhōngguó lǚyóu.","Wǒ gēn tā yǒu yíyàng de àihào, wǒmen dōu xǐhuan lǚyóu. Xiàcì wǒmen dǎsuàn yìqǐ qù Zhōngguó lǚyóu. - He and I have the same hobby, we both love to travel. We are planning to travel to China next time.",3
我今天晚上没有时间做饭，我们叫外卖吧!,Wǒ jīntiān wǎnshàng méiyǒu shíjiān zuòfàn wǒmen jiào wàimài ba.,"I don't have time to cook tonight, let's call for take out!",我今天晚上没有时间做饭，我们叫外卖吧! - Wǒ jīntiān wǎnshàng méiyǒu shíjiān zuòfàn wǒmen jiào wàimài ba.,"Wǒ jīntiān wǎnshàng méiyǒu shíjiān zuòfàn wǒmen jiào wàimài ba. - I don't have time to cook tonight, let's call for take out!",2
我们假日的时候要不要一起去爬山?,Wǒmen jiàrì de shíhou yàobúyào yìqǐ qù páshān?,What about we go hiking during holidays?,我们假日的时候要不要一起去爬山? - Wǒmen jiàrì de shíhou yàobúyào yìqǐ qù páshān?,Wǒmen jiàrì de shíhou yàobúyào yìqǐ qù páshān? - What about we go hiking during holidays?,3
我今天已经遇到他三次了。,Wǒ jīntiān yǐjīng yùdào tā sāncì le.,"Today, I've run across him three times already.",我今天已经遇到他三次了。 - Wǒ jīntiān yǐjīng yùdào tā sāncì le.,"Wǒ jīntiān yǐjīng yùdào tā sāncì le. - Today, I've run across him three times already.",3
他妈妈对做菜很有热情，所以他每天都有很多好吃的菜可以吃,"Tā māmā duì zuò cài hěn yǒu rèqíng, suǒyǐ tā měitiān dōu yǒu hěnduō hǎo chī de cài kěyǐ chī.","His mom is very passionate about cooking, so he has a lot of delicious food every day.","他妈妈对做菜很有热情，所以他每天都有很多好吃的菜可以吃 - Tā māmā duì zuò cài hěn yǒu rèqíng, suǒyǐ tā měitiān dōu yǒu hěnduō hǎo chī de cài kěyǐ chī.","Tā māmā duì zuò cài hěn yǒu rèqíng, suǒyǐ tā měitiān dōu yǒu hěnduō hǎo chī de cài kěyǐ chī. - His mom is very passionate about cooking, so he has a lot of delicious food every day.",2
你的穿着很可爱，你的男朋友一定会喜欢。,"Nǐ de chuānzhuó hěn kěài, nǐ de nánpéngyou yídìng huì xǐhuan.","Your dress is so cute, your boyfriend will definitely like it.","你的穿着很可爱，你的男朋友一定会喜欢。 - Nǐ de chuānzhuó hěn kěài, nǐ de nánpéngyou yídìng huì xǐhuan.","Nǐ de chuānzhuó hěn kěài, nǐ de nánpéngyou yídìng huì xǐhuan. - Your dress is so cute, your boyfriend will definitely like it.",3
天气变冷了，你要多穿一点儿。,"Tiānqì biàn lěng le, nǐ yào duō chuān yìdiǎnr.","The weather is getting cold, you should dress warmer.","天气变冷了，你要多穿一点儿。 - Tiānqì biàn lěng le, nǐ yào duō chuān yìdiǎnr.","Tiānqì biàn lěng le, nǐ yào duō chuān yìdiǎnr. - The weather is getting cold, you should dress warmer.",3
下次假期我想去西班牙，你要一起来吗?,"Xiàcì jiàqī wǒ xiǎng qù Xībānyá, nǐ yào yìqǐ lái ma?",I want to go to Spain the next holiday. Do you want to come with me?,"下次假期我想去西班牙，你要一起来吗? - Xiàcì jiàqī wǒ xiǎng qù Xībānyá, nǐ yào yìqǐ lái ma?","Xiàcì jiàqī wǒ xiǎng qù Xībānyá, nǐ yào yìqǐ lái ma? - I want to go to Spain the next holiday. Do you want to come with me?",3
你应该很久没有出国去玩儿了吧，希望你有一个难忘的假期。,Nǐ yīnggāi hěnjiǔ méiyǒu chūguó qù wánr le ba xīwàng nǐ yǒu yí gè nánwàng de jiàqī.,"You haven't been abroad for a long time, have you? Hope you have an unforgettable vacation.",你应该很久没有出国去玩儿了吧，希望你有一个难忘的假期。 - Nǐ yīnggāi hěnjiǔ méiyǒu chūguó qù wánr le ba xīwàng nǐ yǒu yí gè nánwàng de jiàqī.,"Nǐ yīnggāi hěnjiǔ méiyǒu chūguó qù wánr le ba xīwàng nǐ yǒu yí gè nánwàng de jiàqī. - You haven't been abroad for a long time, have you? Hope you have an unforgettable vacation.",3
你有没有兴趣周末一起去健身房锻炼身体?,Nǐ yǒuméiyǒu xìngqù zhōumò yìqǐ qù jiànshēnfáng duànliàn shēntǐ?,Are you interested in working out at the gym this weekend?,你有没有兴趣周末一起去健身房锻炼身体? - Nǐ yǒuméiyǒu xìngqù zhōumò yìqǐ qù jiànshēnfáng duànliàn shēntǐ?,Nǐ yǒuméiyǒu xìngqù zhōumò yìqǐ qù jiànshēnfáng duànliàn shēntǐ? - Are you interested in working out at the gym this weekend?,3
他常常生病，应该多锻炼一下身体。,"Tā chángcháng shēngbìng, yīnggāi duō duànliàn yīxià shēntǐ.","He often gets sick, so he should exercise more.","他常常生病，应该多锻炼一下身体。 - Tā chángcháng shēngbìng, yīnggāi duō duànliàn yīxià shēntǐ.","Tā chángcháng shēngbìng, yīnggāi duō duànliàn yīxià shēntǐ. - He often gets sick, so he should exercise more.",3
最近越来越多人发现身体健康很重要，所以也越来越多人去健身房锻炼身体。,"Zuìjìn yuè lái yuè duō rén fāxiàn shēntǐ jiànkāng hěn zhòngyào, suǒyǐ Yě yuè lái yuè duō rén qù jiànshēnfáng duànliàn shēntǐ.","Recently, more and more people find it very important to be healthy, so more and more people are going to the gym to exercise.","最近越来越多人发现身体健康很重要，所以也越来越多人去健身房锻炼身体。 - Zuìjìn yuè lái yuè duō rén fāxiàn shēntǐ jiànkāng hěn zhòngyào, suǒyǐ Yě yuè lái yuè duō rén qù jiànshēnfáng duànliàn shēntǐ.","Zuìjìn yuè lái yuè duō rén fāxiàn shēntǐ jiànkāng hěn zhòngyào, suǒyǐ Yě yuè lái yuè duō rén qù jiànshēnfáng duànliàn shēntǐ. - Recently, more and more people find it very important to be healthy, so more and more people are going to the gym to exercise.",3
老师说只要完成今天的作业就可以下课了。,Lǎoshī shuō zhǐyào wánchéng jīntiān de zuòyè jiù kěyǐ xiàkè le.,The teacher said the class would be dismissed as long as we finished today's homework.,老师说只要完成今天的作业就可以下课了。 - Lǎoshī shuō zhǐyào wánchéng jīntiān de zuòyè jiù kěyǐ xiàkè le.,Lǎoshī shuō zhǐyào wánchéng jīntiān de zuòyè jiù kěyǐ xiàkè le. - The teacher said the class would be dismissed as long as we finished today's homework.,3
虽然我觉得生病应该多休息，不过如果你已经觉得好多了，就开始工作吧！,"Suīrán wǒ juédé shēngbìng yīnggāi duō xiūxí, bùguò rúguǒ nǐ yǐjīng juédé hǎoduōle, jiù kāishǐ gōngzuò ba!","I think you should rest more if you're sick, but since you already felt much better, let's begin to work!","虽然我觉得生病应该多休息，不过如果你已经觉得好多了，就开始工作吧！ - Suīrán wǒ juédé shēngbìng yīnggāi duō xiūxí, bùguò rúguǒ nǐ yǐjīng juédé hǎoduōle, jiù kāishǐ gōngzuò ba!","Suīrán wǒ juédé shēngbìng yīnggāi duō xiūxí, bùguò rúguǒ nǐ yǐjīng juédé hǎoduōle, jiù kāishǐ gōngzuò ba! - I think you should rest more if you're sick, but since you already felt much better, let's begin to work!",3
你刚才说什么？我没有听到，可以请你再说一次吗？,"Nǐ gāngcái shuō shénme? wǒ méiyǒu tīngdào, kěyǐ qǐng nǐzài shuōyí cì ma?","What did you just say? I didn't hear you, can you say that again?","你刚才说什么？我没有听到，可以请你再说一次吗？ - Nǐ gāngcái shuō shénme? wǒ méiyǒu tīngdào, kěyǐ qǐng nǐzài shuōyí cì ma?","Nǐ gāngcái shuō shénme? wǒ méiyǒu tīngdào, kěyǐ qǐng nǐzài shuōyí cì ma? - What did you just say? I didn't hear you, can you say that again?",3
我刚才没有听清楚你说什么，可以再说一次吗?,"Wǒ gāngcái méiyǒu tīng qīngchǔ nǐ shuō shénme, kěyǐ zàishuō yīcì ma?","I didn't hear well about what you just said, can you say that again?","我刚才没有听清楚你说什么，可以再说一次吗? - Wǒ gāngcái méiyǒu tīng qīngchǔ nǐ shuō shénme, kěyǐ zàishuō yīcì ma?","Wǒ gāngcái méiyǒu tīng qīngchǔ nǐ shuō shénme, kěyǐ zàishuō yīcì ma? - I didn't hear well about what you just said, can you say that again?",3
这道菜是我最喜欢的菜，很容易也很好做，你试试看。,"Zhè dào cài shì wǒ zuì xǐhuan de cài, hěn róngyì yě hěn hǎozuò, nǐ shìshìkàn.","This is my favorite dish, it's easy to cook, try it.","这道菜是我最喜欢的菜，很容易也很好做，你试试看。 - Zhè dào cài shì wǒ zuì xǐhuan de cài, hěn róngyì yě hěn hǎozuò, nǐ shìshìkàn.","Zhè dào cài shì wǒ zuì xǐhuan de cài, hěn róngyì yě hěn hǎozuò, nǐ shìshìkàn. - This is my favorite dish, it's easy to cook, try it.",3
你得的是感冒，得吃三天的药才行。,"Nǐ dé de shì gǎnmào, děi chī sān tiān de yào cái xíng.","You got a cold, you must take the medicine for three days.","你得的是感冒，得吃三天的药才行。 - Nǐ dé de shì gǎnmào, děi chī sān tiān de yào cái xíng.","Nǐ dé de shì gǎnmào, děi chī sān tiān de yào cái xíng. - You got a cold, you must take the medicine for three days.",3
A: 我听说你生病了，还好吗？ B: 没事，没事。,"A: Wǒ tīngshuō nǐ shēngbìng le, háihǎo ma? B: Méishì, méishì.","A: I heard you are sick, you okay? B: It's nothing, I am fine!","A: 我听说你生病了，还好吗？ B: 没事，没事。 - A: Wǒ tīngshuō nǐ shēngbìng le, háihǎo ma? B: Méishì, méishì.","A: Wǒ tīngshuō nǐ shēngbìng le, háihǎo ma? B: Méishì, méishì. - A: I heard you are sick, you okay? B: It's nothing, I am fine!",2
虽然已经吃了一些药，可是我觉得那些药没用，我还是需要去看医生。,"Suīrán yǐjīng chī le yìxiē yào, kěshì wǒ juéde nàxiē yào méiyòng, wǒ Háishì xūyào qù kàn yīshēng.","Although I've eaten some medicine, I think they are useless. I still need to see a doctor.","虽然已经吃了一些药，可是我觉得那些药没用，我还是需要去看医生。 - Suīrán yǐjīng chī le yìxiē yào, kěshì wǒ juéde nàxiē yào méiyòng, wǒ Háishì xūyào qù kàn yīshēng.","Suīrán yǐjīng chī le yìxiē yào, kěshì wǒ juéde nàxiē yào méiyòng, wǒ Háishì xūyào qù kàn yīshēng. - Although I've eaten some medicine, I think they are useless. I still need to see a doctor.",3
我没有什么办法，我们再想想吧。,"Wǒ méiyǒu shénme bànfǎ, wǒmen zài xiǎngxiǎng ba.","I don't have any solution, let's think about it.","我没有什么办法，我们再想想吧。 - Wǒ méiyǒu shénme bànfǎ, wǒmen zài xiǎngxiǎng ba.","Wǒ méiyǒu shénme bànfǎ, wǒmen zài xiǎngxiǎng ba. - I don't have any solution, let's think about it.",3
我最喜欢的季节是秋天，因为很漂亮。,"Wǒ zuì xǐhuan de jìjié shì qiūtiān, yīnwèi hěn piàoliang.",My favorite season is autumn because it is beautiful.,"我最喜欢的季节是秋天，因为很漂亮。 - Wǒ zuì xǐhuan de jìjié shì qiūtiān, yīnwèi hěn piàoliang.","Wǒ zuì xǐhuan de jìjié shì qiūtiān, yīnwèi hěn piàoliang. - My favorite season is autumn because it is beautiful.",3
你还年轻，不要这么快就决定以后要做什么。,"Nǐ hái niánqīng, búyào zhème kuài jiù juédìng yǐhòu yào zuò shénme.","You are still young, don't make the decisions about what you're going to do in your future too soon.","你还年轻，不要这么快就决定以后要做什么。 - Nǐ hái niánqīng, búyào zhème kuài jiù juédìng yǐhòu yào zuò shénme.","Nǐ hái niánqīng, búyào zhème kuài jiù juédìng yǐhòu yào zuò shénme. - You are still young, don't make the decisions about what you're going to do in your future too soon.",3
请问你有时间吗？我有些问题想要问你。,Qǐngwèn nǐ yǒu shíjiān ma? Wǒ yǒuxiē wèntí xiǎng yào wèn nǐ.,"Excuse, do you have time? I have some questions.",请问你有时间吗？我有些问题想要问你。 - Qǐngwèn nǐ yǒu shíjiān ma? Wǒ yǒuxiē wèntí xiǎng yào wèn nǐ.,"Qǐngwèn nǐ yǒu shíjiān ma? Wǒ yǒuxiē wèntí xiǎng yào wèn nǐ. - Excuse, do you have time? I have some questions.",2
你有解决这个问题的办法吗？,Nǐ yǒu jiějué zhège wèntí de bànfǎ ma?,Do you have any idea to solve this problem?,你有解决这个问题的办法吗？ - Nǐ yǒu jiějué zhège wèntí de bànfǎ ma?,Nǐ yǒu jiějué zhège wèntí de bànfǎ ma? - Do you have any idea to solve this problem?,3
我爸爸是个生意人，所以常常在外国工作。,"Wǒ bàba shì gè shēngyì rén, suǒyǐ chángcháng zài wàiguó gōngzuò.","My brother is a businessman, so he often works abroad.","我爸爸是个生意人，所以常常在外国工作。 - Wǒ bàba shì gè shēngyì rén, suǒyǐ chángcháng zài wàiguó gōngzuò.","Wǒ bàba shì gè shēngyì rén, suǒyǐ chángcháng zài wàiguó gōngzuò. - My brother is a businessman, so he often works abroad.",2
现在很多黑心的生意人常常卖不好的东西。,Xiànzài hěnduō hēixīn de shēngyì rén chángcháng mài bùhǎo de dōngxi.,Nowadays there are many dishonest businesspeople selling bad-quality products.,现在很多黑心的生意人常常卖不好的东西。 - Xiànzài hěnduō hēixīn de shēngyì rén chángcháng mài bùhǎo de dōngxi.,Xiànzài hěnduō hēixīn de shēngyì rén chángcháng mài bùhǎo de dōngxi. - Nowadays there are many dishonest businesspeople selling bad-quality products.,3
我妈妈总是跟说要努力读书以后才会有好工作。,Wǒ māmā zǒng shì gēn shuō yào nǔlì dúshū yǐhòu cái huì yǒu hǎo gōngzuò.,My mother always told me to study hard so that I can get a good job in the future.,我妈妈总是跟说要努力读书以后才会有好工作。 - Wǒ māmā zǒng shì gēn shuō yào nǔlì dúshū yǐhòu cái huì yǒu hǎo gōngzuò.,Wǒ māmā zǒng shì gēn shuō yào nǔlì dúshū yǐhòu cái huì yǒu hǎo gōngzuò. - My mother always told me to study hard so that I can get a good job in the future.,3
你做得饭真好吃，我吃得很饱。,"Nǐ zuò de fàn zhēn hǎochī, wǒ chī de hěn bǎo.","The dish you made is so delicious, I'm full.","你做得饭真好吃，我吃得很饱。 - Nǐ zuò de fàn zhēn hǎochī, wǒ chī de hěn bǎo.","Nǐ zuò de fàn zhēn hǎochī, wǒ chī de hěn bǎo. - The dish you made is so delicious, I'm full.",3
我跟他很久不见，他跟从前都不一样了。,"Wǒ gēn tā hěnjiǔ bújiàn, tā gēn cóngqián dōu bù yíyàng le.","I haven't seen him for a very long time, he's not the same as before.","我跟他很久不见，他跟从前都不一样了。 - Wǒ gēn tā hěnjiǔ bújiàn, tā gēn cóngqián dōu bù yíyàng le.","Wǒ gēn tā hěnjiǔ bújiàn, tā gēn cóngqián dōu bù yíyàng le. - I haven't seen him for a very long time, he's not the same as before.",3
这是图书馆的书，请不要在书上画记号。,"Zhè shì túshūguǎn de shū, qǐng búyào zài shūshàng huà jìhào.","This book is from the library, please don't make the mark on it.","这是图书馆的书，请不要在书上画记号。 - Zhè shì túshūguǎn de shū, qǐng búyào zài shūshàng huà jìhào.","Zhè shì túshūguǎn de shū, qǐng búyào zài shūshàng huà jìhào. - This book is from the library, please don't make the mark on it.",3
这个主意很不错，我们试试看吧。,"Zhè gè zhǔyi hěn búcuò, wǒmen shìshì kàn ba.","It's a pretty good idea, let's try it!","这个主意很不错，我们试试看吧。 - Zhè gè zhǔyi hěn búcuò, wǒmen shìshì kàn ba.","Zhè gè zhǔyi hěn búcuò, wǒmen shìshì kàn ba. - It's a pretty good idea, let's try it!",3
我不在乎其他人怎么想，我只在乎你怎么想。,"Wǒ bú zàihu qítā rén zěnme xiǎng, wǒ zhǐ zàihu nǐ zěnme xiǎng.","I don't care what other people think, I only care what you think.","我不在乎其他人怎么想，我只在乎你怎么想。 - Wǒ bú zàihu qítā rén zěnme xiǎng, wǒ zhǐ zàihu nǐ zěnme xiǎng.","Wǒ bú zàihu qítā rén zěnme xiǎng, wǒ zhǐ zàihu nǐ zěnme xiǎng. - I don't care what other people think, I only care what you think.",3
我的理想工作是当一个可以帮助别人的医生。,Wǒ de lǐxiǎng gōngzuò shì dāng yīgè kěyǐ bāngzhù biérén de yīshēng.,My ideal job is to become a doctor helping others.,我的理想工作是当一个可以帮助别人的医生。 - Wǒ de lǐxiǎng gōngzuò shì dāng yīgè kěyǐ bāngzhù biérén de yīshēng.,Wǒ de lǐxiǎng gōngzuò shì dāng yīgè kěyǐ bāngzhù biérén de yīshēng. - My ideal job is to become a doctor helping others.,3
你要不要留在这里吃晚饭再回家？,Nǐ yào bùyào liú zài zhèlǐ chī wǎnfàn zài huí jiā?,Do you want to stay here and eat dinner before you go home?,你要不要留在这里吃晚饭再回家？ - Nǐ yào bùyào liú zài zhèlǐ chī wǎnfàn zài huí jiā?,Nǐ yào bùyào liú zài zhèlǐ chī wǎnfàn zài huí jiā? - Do you want to stay here and eat dinner before you go home?,3
这家饭馆的服务很好,Zhè jiā fànguǎn de fúwù hěnhǎo.,This restaurant offers excellent service.,这家饭馆的服务很好 - Zhè jiā fànguǎn de fúwù hěnhǎo.,Zhè jiā fànguǎn de fúwù hěnhǎo. - This restaurant offers excellent service.,2
我的愿望是可以到中国学习汉语。,Wǒ de yuànwàng shì kěyǐ dào Zhōngguó xuéxi hànyǔ.,My wish is to go to China and study Chinese.,我的愿望是可以到中国学习汉语。 - Wǒ de yuànwàng shì kěyǐ dào Zhōngguó xuéxi hànyǔ.,Wǒ de yuànwàng shì kěyǐ dào Zhōngguó xuéxi hànyǔ. - My wish is to go to China and study Chinese.,3
如果你希望这个愿望可以实现就要努力。,Rúguǒ nǐ xīwàng zhègè yuànwàng kěyǐ shixiàn jiùyào nǔlì.,"If you want this dream to be realized, then you have to work hard.",如果你希望这个愿望可以实现就要努力。 - Rúguǒ nǐ xīwàng zhègè yuànwàng kěyǐ shixiàn jiùyào nǔlì.,"Rúguǒ nǐ xīwàng zhègè yuànwàng kěyǐ shixiàn jiùyào nǔlì. - If you want this dream to be realized, then you have to work hard.",3
他说的每一句话都不是实话，你不要相信他。,"Tā shuō de měi yījù huà dōu bùshì shíhuà, nǐ bùyào xiāngxìn tā.","Every sentence he said is not true, don't trust him.","他说的每一句话都不是实话，你不要相信他。 - Tā shuō de měi yījù huà dōu bùshì shíhuà, nǐ bùyào xiāngxìn tā.","Tā shuō de měi yījù huà dōu bùshì shíhuà, nǐ bùyào xiāngxìn tā. - Every sentence he said is not true, don't trust him.",3
他想到要跟朋友离别就很难过。,Tā xiǎngdào yào gēn péngyǒu líbié jiù hěn nánguò.,He felt sad thinking of being apart from his friends.,他想到要跟朋友离别就很难过。 - Tā xiǎngdào yào gēn péngyǒu líbié jiù hěn nánguò.,Tā xiǎngdào yào gēn péngyǒu líbié jiù hěn nánguò. - He felt sad thinking of being apart from his friends.,3
我喜欢在网上买衣服，因为比较便宜也比较方便。,"Wǒ xǐhuan zài wǎngshàng mǎi yīfu, yīnwèi bǐjiào piányí yě bǐjiào fāngbiàn.",I love to buy clothes online because they are cheaper and more convenient.,"我喜欢在网上买衣服，因为比较便宜也比较方便。 - Wǒ xǐhuan zài wǎngshàng mǎi yīfu, yīnwèi bǐjiào piányí yě bǐjiào fāngbiàn.","Wǒ xǐhuan zài wǎngshàng mǎi yīfu, yīnwèi bǐjiào piányí yě bǐjiào fāngbiàn. - I love to buy clothes online because they are cheaper and more convenient.",3
以前的老师觉得学生只要读书，不需要有其他想法。,"Yǐqián de lǎoshī juédé xuéshēng zhǐyào dúshū, bù xūyào yǒu qítā xiǎngfǎ.","Past teachers thought students only needed to student, didn't need any other ideas.","以前的老师觉得学生只要读书，不需要有其他想法。 - Yǐqián de lǎoshī juédé xuéshēng zhǐyào dúshū, bù xūyào yǒu qítā xiǎngfǎ.","Yǐqián de lǎoshī juédé xuéshēng zhǐyào dúshū, bù xūyào yǒu qítā xiǎngfǎ. - Past teachers thought students only needed to student, didn't need any other ideas.",3
你听见什么声音了吗？,Nǐ tīngjiàn shénme shēngyīn le ma?,Have you heard any sound?,你听见什么声音了吗？ - Nǐ tīngjiàn shénme shēngyīn le ma?,Nǐ tīngjiàn shénme shēngyīn le ma? - Have you heard any sound?,3
这块蛋糕是你吃的吗？,Zhè kuài dàngāo shì nǐ chī de ma?,Did you eat this piece of cake?,这块蛋糕是你吃的吗？ - Zhè kuài dàngāo shì nǐ chī de ma?,Zhè kuài dàngāo shì nǐ chī de ma? - Did you eat this piece of cake?,3
这双鞋子太名贵，我买不起。,"Zhè shuāng xiézi tài míngguì, wǒ mǎi bù qǐ.","This pair of shoes is too expensive, I cannot afford it.","这双鞋子太名贵，我买不起。 - Zhè shuāng xiézi tài míngguì, wǒ mǎi bù qǐ.","Zhè shuāng xiézi tài míngguì, wǒ mǎi bù qǐ. - This pair of shoes is too expensive, I cannot afford it.",3
他不愿意让妹妹一个人出国旅行。,Tā bú yuànyì ràng mèimei yígè rén chūguó lǚxíng.,He's not willing to let my younger sister travel abroad alone.,他不愿意让妹妹一个人出国旅行。 - Tā bú yuànyì ràng mèimei yígè rén chūguó lǚxíng.,Tā bú yuànyì ràng mèimei yígè rén chūguó lǚxíng. - He's not willing to let my younger sister travel abroad alone.,3
我今天得加班，不能去参加你的生日会了。,"Wǒ jīntiān dé jiābān, bùnéng qù cānjiā nǐ de shēngrì huìle.",I have to work overtime today so I can't go to your birthday party.,"我今天得加班，不能去参加你的生日会了。 - Wǒ jīntiān dé jiābān, bùnéng qù cānjiā nǐ de shēngrì huìle.","Wǒ jīntiān dé jiābān, bùnéng qù cānjiā nǐ de shēngrì huìle. - I have to work overtime today so I can't go to your birthday party.",3
游乐园的门票不贵可是总是很多人，所以我不太常去。,"Yóulèyuán de ménpiào búguì kěshì zǒngshì hěnduō rén, suǒyǐ wǒ bú tài cháng qù.",The ticket for the amusement park is not expensive but there are always too many people. Therefore I don't go often.,"游乐园的门票不贵可是总是很多人，所以我不太常去。 - Yóulèyuán de ménpiào búguì kěshì zǒngshì hěnduō rén, suǒyǐ wǒ bú tài cháng qù.","Yóulèyuán de ménpiào búguì kěshì zǒngshì hěnduō rén, suǒyǐ wǒ bú tài cháng qù. - The ticket for the amusement park is not expensive but there are always too many people. Therefore I don't go often.",3
今年过年我不打算回家。,Jīnnián guònián wǒ bù dǎsuàn huí jiā.,I'm not planning to go home for this new year celebration.,今年过年我不打算回家。 - Jīnnián guònián wǒ bù dǎsuàn huí jiā.,Jīnnián guònián wǒ bù dǎsuàn huí jiā. - I'm not planning to go home for this new year celebration.,3
这个周末请你来我家吃饭，我做我的拿手好菜给你吃。,"Zhège zhōumò qǐng nǐ lái wǒjiā chīfàn, wǒ zuò wǒ de náshǒu hào cài gěi nǐ chī.","Please come to my house to eat this weekend, I'll cook my best dish for you.","这个周末请你来我家吃饭，我做我的拿手好菜给你吃。 - Zhège zhōumò qǐng nǐ lái wǒjiā chīfàn, wǒ zuò wǒ de náshǒu hào cài gěi nǐ chī.","Zhège zhōumò qǐng nǐ lái wǒjiā chīfàn, wǒ zuò wǒ de náshǒu hào cài gěi nǐ chī. - Please come to my house to eat this weekend, I'll cook my best dish for you.",3
我跟我姐姐喜欢的东西都不同，但是我们还是很喜欢一起出去玩。,"Wǒ gēn wǒ jiějiě xǐhuān de dōngxī dū bùtóng, dànshì wǒmen háishì hěn xǐhuān yīqǐ chūqù wán.","My sister and I like different things, but we still like to go out together and have fun.","我跟我姐姐喜欢的东西都不同，但是我们还是很喜欢一起出去玩。 - Wǒ gēn wǒ jiějiě xǐhuān de dōngxī dū bùtóng, dànshì wǒmen háishì hěn xǐhuān yīqǐ chūqù wán.","Wǒ gēn wǒ jiějiě xǐhuān de dōngxī dū bùtóng, dànshì wǒmen háishì hěn xǐhuān yīqǐ chūqù wán. - My sister and I like different things, but we still like to go out together and have fun.",3
正常的工作时间是从早上九点到晚上六点。,Zhèngcháng de gōngzuò shíjiān shì cóng zǎoshang jiǔ diǎn dào wǎnshàng liù diǎn.,The normal working hours are nine a.m. to six p.m.,正常的工作时间是从早上九点到晚上六点。 - Zhèngcháng de gōngzuò shíjiān shì cóng zǎoshang jiǔ diǎn dào wǎnshàng liù diǎn.,Zhèngcháng de gōngzuò shíjiān shì cóng zǎoshang jiǔ diǎn dào wǎnshàng liù diǎn. - The normal working hours are nine a.m. to six p.m.,2
我家楼下有一家超市，超市旁边是一家饭馆。,"Wǒjiā lóuxià yǒu yījiā chāoshì, chāoshì pángbiān shì yījiā fànguǎn.",Our house has a supermarket downstairs and a restaurant near the supermarket.,"我家楼下有一家超市，超市旁边是一家饭馆。 - Wǒjiā lóuxià yǒu yījiā chāoshì, chāoshì pángbiān shì yījiā fànguǎn.","Wǒjiā lóuxià yǒu yījiā chāoshì, chāoshì pángbiān shì yījiā fànguǎn. - Our house has a supermarket downstairs and a restaurant near the supermarket.",3
这家饭馆很有名，吃饭时间都没有位子。,"Zhè jiā fànguǎn hěn yǒumíng, chīfàn shíjiān dōu méiyǒu wèizi.",This restaurant is so famous that there's often no seat in dining time.,"这家饭馆很有名，吃饭时间都没有位子。 - Zhè jiā fànguǎn hěn yǒumíng, chīfàn shíjiān dōu méiyǒu wèizi.","Zhè jiā fànguǎn hěn yǒumíng, chīfàn shíjiān dōu méiyǒu wèizi. - This restaurant is so famous that there's often no seat in dining time.",3
在中国很多特色小吃。,Zài Zhōngguó hěnduō tèsè xiǎochī.,There are many special snacks in Chinese food.,在中国很多特色小吃。 - Zài Zhōngguó hěnduō tèsè xiǎochī.,Zài Zhōngguó hěnduō tèsè xiǎochī. - There are many special snacks in Chinese food.,3
爸爸在看报纸。,Bàbɑ zài kàn bàozhǐ.,Dad's reading the newspaper.,爸爸在看报纸。 - Bàbɑ zài kàn bàozhǐ.,Bàbɑ zài kàn bàozhǐ. - Dad's reading the newspaper.,2
老师上课从来不迟到。,Lǎoshī shàngkè cónglái bù chídào.,The teacher is never late to the class.,老师上课从来不迟到。 - Lǎoshī shàngkè cónglái bù chídào.,Lǎoshī shàngkè cónglái bù chídào. - The teacher is never late to the class.,3
这个月几乎没下雨。,zhè ge yuè jīhū méi xiàyǔ.,This month it almost never rained.,这个月几乎没下雨。 - zhè ge yuè jīhū méi xiàyǔ.,zhè ge yuè jīhū méi xiàyǔ. - This month it almost never rained.,3
这么多工作，一时半会是做不完的。,Zhème duō gōngzuò ，yìshí bànhuì shì zuò bùwán de.,"The workload is too heavy, we will not finish for a while.",这么多工作，一时半会是做不完的。 - Zhème duō gōngzuò ，yìshí bànhuì shì zuò bùwán de.,"Zhème duō gōngzuò ，yìshí bànhuì shì zuò bùwán de. - The workload is too heavy, we will not finish for a while.",3
这雨下得很突然。,Zhè yǔ xià de hěn tūrán.,The rain came suddenly.,这雨下得很突然。 - Zhè yǔ xià de hěn tūrán.,Zhè yǔ xià de hěn tūrán. - The rain came suddenly.,3
你每天早上洗脸吗？,Nǐ měitiān zǎoshang xǐliǎn ma?,Do you wash your face every morning?,你每天早上洗脸吗？ - Nǐ měitiān zǎoshang xǐliǎn ma?,Nǐ měitiān zǎoshang xǐliǎn ma? - Do you wash your face every morning?,3
我错过最后一班公车了，怎么办？,"Wǒ cuòguò zuìhòu yì bān gōngchē le, zěnmebàn?","I missed the last bus, what can I do?","我错过最后一班公车了，怎么办？ - Wǒ cuòguò zuìhòu yì bān gōngchē le, zěnmebàn?","Wǒ cuòguò zuìhòu yì bān gōngchē le, zěnmebàn? - I missed the last bus, what can I do?",3
他没听电话，说不定是在开车，你不要担心。,"Tā méi tīng diànhuà, shuō budìng shì zài kāichē, nǐ búyào dānxīn.","Maybe he's driving so he couldn't answer the phone, don't worry.","他没听电话，说不定是在开车，你不要担心。 - Tā méi tīng diànhuà, shuō budìng shì zài kāichē, nǐ búyào dānxīn.","Tā méi tīng diànhuà, shuō budìng shì zài kāichē, nǐ búyào dānxīn. - Maybe he's driving so he couldn't answer the phone, don't worry.",3
找工作很难，他不能马上找到新的。,"Zhǎo gōngzuò hěn nán, tā bùnéng mǎshàng zhǎodào xīn de.","It's hard to find a job, he can't get a new job immediately.","找工作很难，他不能马上找到新的。 - Zhǎo gōngzuò hěn nán, tā bùnéng mǎshàng zhǎodào xīn de.","Zhǎo gōngzuò hěn nán, tā bùnéng mǎshàng zhǎodào xīn de. - It's hard to find a job, he can't get a new job immediately.",3
一直往前走。,Yīzhí wǎng qián zǒu.,Keep walking straight ahead.,一直往前走。 - Yīzhí wǎng qián zǒu.,Yīzhí wǎng qián zǒu. - Keep walking straight ahead.,3
一般来说，国定假日会放假。,"Yībān lái shuō, guódìng jiàrì huì fàngjià.","In general, we have days off on national holidays.","一般来说，国定假日会放假。 - Yībān lái shuō, guódìng jiàrì huì fàngjià.","Yībān lái shuō, guódìng jiàrì huì fàngjià. - In general, we have days off on national holidays.",3
他一边吃饭一边看电视。,Tā yībiān chīfàn yībiān kàn diànshì.,He watches TV while eating.,他一边吃饭一边看电视。 - Tā yībiān chīfàn yībiān kàn diànshì.,Tā yībiān chīfàn yībiān kàn diànshì. - He watches TV while eating.,2
我不但会唱歌，而且会跳舞。,"Wǒ bùdàn huì chànggē, érqiě huì tiàowǔ.",Not only do I sing but also I dance.,"我不但会唱歌，而且会跳舞。 - Wǒ bùdàn huì chànggē, érqiě huì tiàowǔ.","Wǒ bùdàn huì chànggē, érqiě huì tiàowǔ. - Not only do I sing but also I dance.",3
我教中文。,Wǒ jiào zhōngwén.,I teach Chinese.,我教中文。 - Wǒ jiào zhōngwén.,Wǒ jiào zhōngwén. - I teach Chinese.,3
他做这个是为了钱。,Tā zuò zhège shì wèile qián.,He did it for the money.,他做这个是为了钱。 - Tā zuò zhège shì wèile qián.,Tā zuò zhège shì wèile qián. - He did it for the money.,2
会议结束了。,Huìyì jiéshùle.,The meeting ended.,会议结束了。 - Huìyì jiéshùle.,Huìyì jiéshùle. - The meeting ended.,3
你想先去哪儿？,Nǐ xiǎng xiān qù nǎ'er?,Where would you like to go first?,你想先去哪儿？ - Nǐ xiǎng xiān qù nǎ'er?,Nǐ xiǎng xiān qù nǎ'er? - Where would you like to go first?,1
他是一百公斤。,Tā shì yībǎi gōngjīn.,He is a hundred kilos.,他是一百公斤。 - Tā shì yībǎi gōngjīn.,Tā shì yībǎi gōngjīn. - He is a hundred kilos.,3
其实我今天没去上课，因为生病了。,"Qíshí wǒ jīntiān méi qù shàngkè, yīnwèi shēngbìngle.","Actually, I did not go to class today because I was sick.","其实我今天没去上课，因为生病了。 - Qíshí wǒ jīntiān méi qù shàngkè, yīnwèi shēngbìngle.","Qíshí wǒ jīntiān méi qù shàngkè, yīnwèi shēngbìngle. - Actually, I did not go to class today because I was sick.",3
早晚都要记得刷牙。,Zǎowǎn dōu yào jìdé shuāyá.,Remember to brush your teeth in the morning and evening.,早晚都要记得刷牙。 - Zǎowǎn dōu yào jìdé shuāyá.,Zǎowǎn dōu yào jìdé shuāyá. - Remember to brush your teeth in the morning and evening.,3
你的包真好看！,Nǐ de bāo zhēn hǎokàn!,Your bag looks great!,你的包真好看！ - Nǐ de bāo zhēn hǎokàn!,Nǐ de bāo zhēn hǎokàn! - Your bag looks great!,3
他又得第一名了。,Tā yòu dé dì yī míngle.,He got first place again.,他又得第一名了。 - Tā yòu dé dì yī míngle.,Tā yòu dé dì yī míngle. - He got first place again.,3
我叔叔是个牙医。,Wǒ shūshu shìgè yáyī.,My uncle is a dentist.,我叔叔是个牙医。 - Wǒ shūshu shìgè yáyī.,Wǒ shūshu shìgè yáyī. - My uncle is a dentist.,3
这个句子很难。,Zhège jùzi hěn nán.,This sentence is very difficult.,这个句子很难。 - Zhège jùzi hěn nán.,Zhège jùzi hěn nán. - This sentence is very difficult.,3
过年就是要高高兴兴地和家人一起玩儿。,Guònián jiùshì yào gāo gāoxìng xìng de hé jiārén yīqǐ wán er.,New Year is about happily enjoying time with my family.,过年就是要高高兴兴地和家人一起玩儿。 - Guònián jiùshì yào gāo gāoxìng xìng de hé jiārén yīqǐ wán er.,Guònián jiùshì yào gāo gāoxìng xìng de hé jiārén yīqǐ wán er. - New Year is about happily enjoying time with my family.,3
多么冷啊！,Duōme lěng a!,How cold it is!,多么冷啊！ - Duōme lěng a!,Duōme lěng a! - How cold it is!,3
今天面店有很多客人。,Jīntiān miàn diàn yǒu hěnduō kèrén.,There are many customers today at the noodle shop.,今天面店有很多客人。 - Jīntiān miàn diàn yǒu hěnduō kèrén.,Jīntiān miàn diàn yǒu hěnduō kèrén. - There are many customers today at the noodle shop.,1
他和他弟弟的房间都很干净。,Tā hé tā dìdì de fángjiān dōu hěn gānjìng.,Both his and his brother's room are quite clean.,他和他弟弟的房间都很干净。 - Tā hé tā dìdì de fángjiān dōu hěn gānjìng.,Tā hé tā dìdì de fángjiān dōu hěn gānjìng. - Both his and his brother's room are quite clean.,3
这个年级的孩子特别天真。,Zhège niánjí de háizi tèbié tiānzhēn.,Children at this age are particularly naive.,这个年级的孩子特别天真。 - Zhège niánjí de háizi tèbié tiānzhēn.,Zhège niánjí de háizi tèbié tiānzhēn. - Children at this age are particularly naive.,3
她的中文成绩很好。,Tā de zhōngwén chéngjì hěn hǎo.,She got good grades in Chinese.,她的中文成绩很好。 - Tā de zhōngwén chéngjì hěn hǎo.,Tā de zhōngwén chéngjì hěn hǎo. - She got good grades in Chinese.,3
请帮我打扫房子。,Qǐng bāng wǒ dǎsǎo fángzi.,Please help me clean the house.,请帮我打扫房子。 - Qǐng bāng wǒ dǎsǎo fángzi.,Qǐng bāng wǒ dǎsǎo fángzi. - Please help me clean the house.,3
我的数学不太好。,Wǒ de shùxué bù tài hǎo.,I'm not very good at math.,我的数学不太好。 - Wǒ de shùxué bù tài hǎo.,Wǒ de shùxué bù tài hǎo. - I'm not very good at math.,3
春天下很多雨。,Chūntiān xià hěnduō yǔ.,It rains a lot in spring.,春天下很多雨。 - Chūntiān xià hěnduō yǔ.,Chūntiān xià hěnduō yǔ. - It rains a lot in spring.,3
你需要更多吗？,Nǐ xūyào gèng duō ma?,Do you need more?,你需要更多吗？ - Nǐ xūyào gèng duō ma?,Nǐ xūyào gèng duō ma? - Do you need more?,3
她是最后一个来的。,Tā shì zuìhòu yīgè lái de.,She is the last one to come.,她是最后一个来的。 - Tā shì zuìhòu yīgè lái de.,Tā shì zuìhòu yīgè lái de. - She is the last one to come.,2
这次考试比较容易。,Zhè cì kǎoshì bǐjiào róngyì.,The exam was relatively easy.,这次考试比较容易。 - Zhè cì kǎoshì bǐjiào róngyì.,Zhè cì kǎoshì bǐjiào róngyì. - The exam was relatively easy.,3
我每晚洗澡。,Wǒ měi wǎn xǐzǎo.,I bathe every night.,我每晚洗澡。 - Wǒ měi wǎn xǐzǎo.,Wǒ měi wǎn xǐzǎo. - I bathe every night.,3
你渴吗？,Nǐ kě ma?,Are you thirsty?,你渴吗？ - Nǐ kě ma?,Nǐ kě ma? - Are you thirsty?,3
他对结果很满意。,Tā duì jiéguǒ hěn mǎnyì.,He's very satisfied with the results.,他对结果很满意。 - Tā duì jiéguǒ hěn mǎnyì.,Tā duì jiéguǒ hěn mǎnyì. - He's very satisfied with the results.,3
我照顾我的爷爷。,Wǒ zhàogù wǒ de yéyé.,I take care of my grandfather.,我照顾我的爷爷。 - Wǒ zhàogù wǒ de yéyé.,Wǒ zhàogù wǒ de yéyé. - I take care of my grandfather.,3
请打开瓶子。,Qǐng dǎkāi píngzi.,Please open the bottle.,请打开瓶子。 - Qǐng dǎkāi píngzi.,Qǐng dǎkāi píngzi. - Please open the bottle.,3
怎么用筷子？,Zěnme yòng kuàizi?,How do you use chopsticks?,怎么用筷子？ - Zěnme yòng kuàizi?,Zěnme yòng kuàizi? - How do you use chopsticks?,3
电梯在哪里？,Diàntī zài nǎlǐ?,Where is the elevator?,电梯在哪里？ - Diàntī zài nǎlǐ?,Diàntī zài nǎlǐ? - Where is the elevator?,3
他买了一双黑色皮鞋。,Tā mǎile yīshuāng hēisè píxié.,He bought a pair of black leather shoes.,他买了一双黑色皮鞋。 - Tā mǎile yīshuāng hēisè píxié.,Tā mǎile yīshuāng hēisè píxié. - He bought a pair of black leather shoes.,3
她的头发很短。,Tā de tóufǎ hěn duǎn.,Her hair is very short.,她的头发很短。 - Tā de tóufǎ hěn duǎn.,Tā de tóufǎ hěn duǎn. - Her hair is very short.,3
房间有没有空调？,Fángjiān yǒu méiyǒu kōngtiáo?,Does the room have air conditioning or not?,房间有没有空调？ - Fángjiān yǒu méiyǒu kōngtiáo?,Fángjiān yǒu méiyǒu kōngtiáo? - Does the room have air conditioning or not?,3
他跑了一百米。,Tā pǎole yībǎi mǐ.,He ran a hundred meters.,他跑了一百米。 - Tā pǎole yībǎi mǐ.,Tā pǎole yībǎi mǐ. - He ran a hundred meters.,2
她要求要见见经理。,Tā yāoqiú yào jiàn jiàn jīnglǐ.,She demanded to see the manager.,她要求要见见经理。 - Tā yāoqiú yào jiàn jiàn jīnglǐ.,Tā yāoqiú yào jiàn jiàn jīnglǐ. - She demanded to see the manager.,3
学期刚刚结束了！,Xuéqī gānggāng jiéshùle!,The semester just ended!,学期刚刚结束了！ - Xuéqī gānggāng jiéshùle!,Xuéqī gānggāng jiéshùle! - The semester just ended!,3
他们正在聊天。,Tāmen zhèngzài liáotiān.,They are chatting.,他们正在聊天。 - Tāmen zhèngzài liáotiān.,Tāmen zhèngzài liáotiān. - They are chatting.,3
这个节目八点开始。,Zhège jiémù bā diǎn kāishǐ.,The program starts at eight o'clock.,这个节目八点开始。 - Zhège jiémù bā diǎn kāishǐ.,Zhège jiémù bā diǎn kāishǐ. - The program starts at eight o'clock.,3
她有双蓝眼睛。,Tā yǒu shuāng lán yǎnjīng.,She has blue eyes.,她有双蓝眼睛。 - Tā yǒu shuāng lán yǎnjīng.,Tā yǒu shuāng lán yǎnjīng. - She has blue eyes.,3
我要他提行李箱。,Wǒ yào tā tí xínglǐ xiāng。,I made him carry the suitcase.,我要他提行李箱。 - Wǒ yào tā tí xínglǐ xiāng。,Wǒ yào tā tí xínglǐ xiāng。 - I made him carry the suitcase.,3
他被开除了。,Tā bèi kāi chúle.,He was fired.,他被开除了。 - Tā bèi kāi chúle.,Tā bèi kāi chúle. - He was fired.,3
你有中文词典吗？,Nǐ yǒu zhōng wén cídiǎn ma?,Do you have a Chinese dictionary?,你有中文词典吗？ - Nǐ yǒu zhōng wén cídiǎn ma?,Nǐ yǒu zhōng wén cídiǎn ma? - Do you have a Chinese dictionary?,3
最近越来越多人发现身体健康很重要，所以也越来越多人去健身房锻炼身体。,"Zuìjìn yuè lái yuè duō rén fāxiàn shēntǐ jiànkāng hěn zhòngyào, suǒyǐ Yě yuè lái yuè duō rén qù jiànshēnfáng duànliàn shēntǐ.","Recently, more and more people find it very important to be healthy, so more and more people are going to the gym to exercise.","最近越来越多人发现身体健康很重要，所以也越来越多人去健身房锻炼身体。 - Zuìjìn yuè lái yuè duō rén fāxiàn shēntǐ jiànkāng hěn zhòngyào, suǒyǐ Yě yuè lái yuè duō rén qù jiànshēnfáng duànliàn shēntǐ.","Zuìjìn yuè lái yuè duō rén fāxiàn shēntǐ jiànkāng hěn zhòngyào, suǒyǐ Yě yuè lái yuè duō rén qù jiànshēnfáng duànliàn shēntǐ. - Recently, more and more people find it very important to be healthy, so more and more people are going to the gym to exercise.",3
我们跟他们一起去！,Wǒmen gēn tāmen yīqǐ qù!,We'll go together with them!,我们跟他们一起去！ - Wǒmen gēn tāmen yīqǐ qù!,Wǒmen gēn tāmen yīqǐ qù! - We'll go together with them!,3
我还是单身。,Wǒ háishì dānshēn.,I'm still single.,我还是单身。 - Wǒ háishì dānshēn.,Wǒ háishì dānshēn. - I'm still single.,3
除了她没有人来。,Chúle tā méiyǒu rén lái.,No one came except her.,除了她没有人来。 - Chúle tā méiyǒu rén lái.,Chúle tā méiyǒu rén lái. - No one came except her.,3
他每天早上吃法国面包。,Tā měitiān zǎoshang chī fǎguó miànbāo.,He eats french bread every morning.,他每天早上吃法国面包。 - Tā měitiān zǎoshang chī fǎguó miànbāo.,Tā měitiān zǎoshang chī fǎguó miànbāo. - He eats french bread every morning.,3
我喜欢听音乐。,Wǒ xǐhuān tīng yīnyuè.,I like to listen to music.,我喜欢听音乐。 - Wǒ xǐhuān tīng yīnyuè.,Wǒ xǐhuān tīng yīnyuè. - I like to listen to music.,3
我想喝点的饮料。,Wǒ xiǎng hē diǎn de yǐnliào.,I want to drink a little something.,我想喝点的饮料。 - Wǒ xiǎng hē diǎn de yǐnliào.,Wǒ xiǎng hē diǎn de yǐnliào. - I want to drink a little something.,3
这只鸟不能飞。,Zhè zhī niǎo bùnéng fēi.,This bird can't fly.,这只鸟不能飞。 - Zhè zhī niǎo bùnéng fēi.,Zhè zhī niǎo bùnéng fēi. - This bird can't fly.,3
爸爸叫我多跟他们一起出去。,Bà bà jiào wǒ duō gēn tā men yī qǐ chū qù.,My dad told me to go out with them.,爸爸叫我多跟他们一起出去。 - Bà bà jiào wǒ duō gēn tā men yī qǐ chū qù.,Bà bà jiào wǒ duō gēn tā men yī qǐ chū qù. - My dad told me to go out with them.,3
你说的没错，我明天就会搬出去住。,Nǐ shuō de méi cuò ，wǒ míng tiān jiù huì bān chū qù zhù。,"You're right, I will move out tomorrow.",你说的没错，我明天就会搬出去住。 - Nǐ shuō de méi cuò ，wǒ míng tiān jiù huì bān chū qù zhù。,"Nǐ shuō de méi cuò ，wǒ míng tiān jiù huì bān chū qù zhù。 - You're right, I will move out tomorrow.",3
弟弟终于会骑自行车了,Dìdì zhōngyú huì qí zìxíngchē le.,My brother finally can ride a bike.,弟弟终于会骑自行车了 - Dìdì zhōngyú huì qí zìxíngchē le.,Dìdì zhōngyú huì qí zìxíngchē le. - My brother finally can ride a bike.,3
请你放心，我会照顾好自己的。,Qǐng nǐ fàngxīn ，wǒ huì zhàogù hǎo zìjǐ de.,"Please don't worry, I'll take good care of myself.",请你放心，我会照顾好自己的。 - Qǐng nǐ fàngxīn ，wǒ huì zhàogù hǎo zìjǐ de.,"Qǐng nǐ fàngxīn ，wǒ huì zhàogù hǎo zìjǐ de. - Please don't worry, I'll take good care of myself.",3
他不好好学习，所以害怕考试。,Tā bù hǎohāo xuéxí ，suǒyǐ hàipà kǎoshì.,"He didn't learn well, so he was afraid of exams.",他不好好学习，所以害怕考试。 - Tā bù hǎohāo xuéxí ，suǒyǐ hàipà kǎoshì.,"Tā bù hǎohāo xuéxí ，suǒyǐ hàipà kǎoshì. - He didn't learn well, so he was afraid of exams.",3
街道上有很多出租车。,Jiēdào shàng yǒu hěn duō chūzūchē.,There are many taxis on the street.,街道上有很多出租车。 - Jiēdào shàng yǒu hěn duō chūzūchē.,Jiēdào shàng yǒu hěn duō chūzūchē. - There are many taxis on the street.,3
爸爸买了一辆新车。,Bà ba mǎi le yīliàng xīnchē.,Dad bought a new car.,爸爸买了一辆新车。 - Bà ba mǎi le yīliàng xīnchē.,Bà ba mǎi le yīliàng xīnchē. - Dad bought a new car.,3
请问一张门票多少钱?,Qǐngwèn yì zhāng ménpiào duōshǎo qián?,How much does one ticket cost?,请问一张门票多少钱? - Qǐngwèn yì zhāng ménpiào duōshǎo qián?,Qǐngwèn yì zhāng ménpiào duōshǎo qián? - How much does one ticket cost?,3
这里的游客太多了，我们下次来吧。,"Zhè lǐ de yóukè tài duō le, wǒmen xiàcì lái ba.","There are too many tourists here, let’s come next time.","这里的游客太多了，我们下次来吧。 - Zhè lǐ de yóukè tài duō le, wǒmen xiàcì lái ba.","Zhè lǐ de yóukè tài duō le, wǒmen xiàcì lái ba. - There are too many tourists here, let’s come next time.",2
这瓶牛奶已经过期了.,Zhè píng niúnǎi yǐjīng guòqīle.,This bottle of milk has expired.,这瓶牛奶已经过期了. - Zhè píng niúnǎi yǐjīng guòqīle.,Zhè píng niúnǎi yǐjīng guòqīle. - This bottle of milk has expired.,3
今年的气候很奇怪，因为夏天不应该这么冷。,Jīnnián de qìhòu hěn qíguài yīnwèi xiàtiān bù yīnggāi zhème lĕng.,"The climate is strange this year,it should not be this cold in summer.",今年的气候很奇怪，因为夏天不应该这么冷。 - Jīnnián de qìhòu hěn qíguài yīnwèi xiàtiān bù yīnggāi zhème lĕng.,"Jīnnián de qìhòu hěn qíguài yīnwèi xiàtiān bù yīnggāi zhème lĕng. - The climate is strange this year,it should not be this cold in summer.",3
我会说一点西班牙语。,Wǒ huìshuō yīdiǎn xībānyáyǔ.,I can speak a little Spanish.,我会说一点西班牙语。 - Wǒ huìshuō yīdiǎn xībānyáyǔ.,Wǒ huìshuō yīdiǎn xībānyáyǔ. - I can speak a little Spanish.,3
妹妹感冒了，所以不去学校。,Mèimèi gǎnmào le ，suǒyǐ bù qù xuéxiào.,"My sister caught a cold, so she's not going to school.",妹妹感冒了，所以不去学校。 - Mèimèi gǎnmào le ，suǒyǐ bù qù xuéxiào.,"Mèimèi gǎnmào le ，suǒyǐ bù qù xuéxiào. - My sister caught a cold, so she's not going to school.",3
老师在检查我的作业。,Lǎoshī zài jiǎnchá wǒ de zuòyè.,The teacher is checking my homework.,老师在检查我的作业。 - Lǎoshī zài jiǎnchá wǒ de zuòyè.,Lǎoshī zài jiǎnchá wǒ de zuòyè. - The teacher is checking my homework.,3
他喜欢晚睡，不喜欢运动。,"Tā xǐhuān wǎnshuì, bù xǐhuān yùndòng.",He likes to stay up late and doesn't like to exercise.,"他喜欢晚睡，不喜欢运动。 - Tā xǐhuān wǎnshuì, bù xǐhuān yùndòng.","Tā xǐhuān wǎnshuì, bù xǐhuān yùndòng. - He likes to stay up late and doesn't like to exercise.",2
她的护照不见了，她着急的不得了。,"Tā de hùzhào bújiàn le, tā zháojí de bùdéliǎo.",She is really worried since she lost her passport.,"她的护照不见了，她着急的不得了。 - Tā de hùzhào bújiàn le, tā zháojí de bùdéliǎo.","Tā de hùzhào bújiàn le, tā zháojí de bùdéliǎo. - She is really worried since she lost her passport.",3
如果想要找到好工作，好学历很重要。,"Rúguǒ xiǎng yào zhǎodào hǎo gōngzuò, hǎo xuélì hěn zhòngyào.","If you want to get a good job, a good qualification is important.","如果想要找到好工作，好学历很重要。 - Rúguǒ xiǎng yào zhǎodào hǎo gōngzuò, hǎo xuélì hěn zhòngyào.","Rúguǒ xiǎng yào zhǎodào hǎo gōngzuò, hǎo xuélì hěn zhòngyào. - If you want to get a good job, a good qualification is important.",3
我已经决定明天要去看什么电影了,Wǒ yǐjīng juédìng míngtiān yào qù kàn shénme diànyǐng le.,I have already decided what movie to watch tomorrow.,我已经决定明天要去看什么电影了 - Wǒ yǐjīng juédìng míngtiān yào qù kàn shénme diànyǐng le.,Wǒ yǐjīng juédìng míngtiān yào qù kàn shénme diànyǐng le. - I have already decided what movie to watch tomorrow.,3
做生意没有你想的这么容易。,Zuò shēngyì méiyǒu nǐ xiǎng de zhème róngyì.,Doing business is not as easy as you thought.,做生意没有你想的这么容易。 - Zuò shēngyì méiyǒu nǐ xiǎng de zhème róngyì.,Zuò shēngyì méiyǒu nǐ xiǎng de zhème róngyì. - Doing business is not as easy as you thought.,3
我经常去那家饭馆吃饭。,Wǒ jīngcháng qù nà jiā fànguǎn chīfàn.,I often go to that restaurant eating.,我经常去那家饭馆吃饭。 - Wǒ jīngcháng qù nà jiā fànguǎn chīfàn.,Wǒ jīngcháng qù nà jiā fànguǎn chīfàn. - I often go to that restaurant eating.,2
这里有很多饭馆都可以叫外卖。,Zhèlǐ yǒu hěnduō fànguǎn dōu kěyǐ jiào wàimài.,Many restaurants here provide takeaway service.,这里有很多饭馆都可以叫外卖。 - Zhèlǐ yǒu hěnduō fànguǎn dōu kěyǐ jiào wàimài.,Zhèlǐ yǒu hěnduō fànguǎn dōu kěyǐ jiào wàimài. - Many restaurants here provide takeaway service.,2
假日的时候，我总是和朋友去看电影。,Jiǎ rì de shí hòu ，wǒ zǒng shì hé péng yǒu qù kàn diàn yǐng.,"During the holidays, I always go watching movies with friends.",假日的时候，我总是和朋友去看电影。 - Jiǎ rì de shí hòu ，wǒ zǒng shì hé péng yǒu qù kàn diàn yǐng.,"Jiǎ rì de shí hòu ，wǒ zǒng shì hé péng yǒu qù kàn diàn yǐng. - During the holidays, I always go watching movies with friends.",3
我上个星期六在公园遇到他。,Wǒ shàng gè xīngqīliù zài gōngyuán yùdào tā.,I met him last Saturday in the park.,我上个星期六在公园遇到他。 - Wǒ shàng gè xīngqīliù zài gōngyuán yùdào tā.,Wǒ shàng gè xīngqīliù zài gōngyuán yùdào tā. - I met him last Saturday in the park.,3
我们下个月有十天的假期。,Wǒmen xià gè yuè yǒu shí tiān de jiàqī.,We have a ten day vacation next month.,我们下个月有十天的假期。 - Wǒmen xià gè yuè yǒu shí tiān de jiàqī.,Wǒmen xià gè yuè yǒu shí tiān de jiàqī. - We have a ten day vacation next month.,3
法国南方是最多人去旅行的地方。,Fǎguó nánfāng shì zuìduō rén qù lǚxíng dì dìfāng.,Southern France is the place with most people traveling.,法国南方是最多人去旅行的地方。 - Fǎguó nánfāng shì zuìduō rén qù lǚxíng dì dìfāng.,Fǎguó nánfāng shì zuìduō rén qù lǚxíng dì dìfāng. - Southern France is the place with most people traveling.,3
每天十个小时的锻炼，他得到了这次的第一名,"Měitiān shí ge xiǎoshí de duànliàn, tā dédàole zhè cì de dì yī míng.",He got the first place due to ten hours working our per day.,"每天十个小时的锻炼，他得到了这次的第一名 - Měitiān shí ge xiǎoshí de duànliàn, tā dédàole zhè cì de dì yī míng.","Měitiān shí ge xiǎoshí de duànliàn, tā dédàole zhè cì de dì yī míng. - He got the first place due to ten hours working our per day.",3
你有两个选择，一是跟我们一起去看电影，二是在家睡觉。,Nǐ yǒu liǎng gè xuǎn zé ，yī shì gēn wǒ men yī qǐ qù kàn diàn yǐng ，èr shì zài jiā shuì jiào。,"You have two options, one is go with us to the movies, the second is to sleep at home.",你有两个选择，一是跟我们一起去看电影，二是在家睡觉。 - Nǐ yǒu liǎng gè xuǎn zé ，yī shì gēn wǒ men yī qǐ qù kàn diàn yǐng ，èr shì zài jiā shuì jiào。,"Nǐ yǒu liǎng gè xuǎn zé ，yī shì gēn wǒ men yī qǐ qù kàn diàn yǐng ，èr shì zài jiā shuì jiào。 - You have two options, one is go with us to the movies, the second is to sleep at home.",3
我今天下午三点就完成工作了。,wǒ jīn tiān xià wǔ sān diǎn jiù wán chéng gōng zuò le.,I finished my work at three o'clock this afternoon.,我今天下午三点就完成工作了。 - wǒ jīn tiān xià wǔ sān diǎn jiù wán chéng gōng zuò le.,wǒ jīn tiān xià wǔ sān diǎn jiù wán chéng gōng zuò le. - I finished my work at three o'clock this afternoon.,3
星期天我必须去学校。,xīng qī tiān wǒ bì xū qù xué xiào.,I have to go to school on Sunday.,星期天我必须去学校。 - xīng qī tiān wǒ bì xū qù xué xiào.,xīng qī tiān wǒ bì xū qù xué xiào. - I have to go to school on Sunday.,3
我刚才买了一本书。,wǒ gāng cái mǎi le yī běn shū.,I just bought a book.,我刚才买了一本书。 - wǒ gāng cái mǎi le yī běn shū.,wǒ gāng cái mǎi le yī běn shū. - I just bought a book.,3
从我家到机场很容易。,Cóng wǒ jiā dào jī chǎng hěn róng yì.,It's easy to get from my home to the airport.,从我家到机场很容易。 - Cóng wǒ jiā dào jī chǎng hěn róng yì.,Cóng wǒ jiā dào jī chǎng hěn róng yì. - It's easy to get from my home to the airport.,3
在这次比赛中，她得到了第三名。,zài zhè cì bǐ sài zhōng ，tā dé dào le dì sān míng.,She got the third place in this competition.,在这次比赛中，她得到了第三名。 - zài zhè cì bǐ sài zhōng ，tā dé dào le dì sān míng.,zài zhè cì bǐ sài zhōng ，tā dé dào le dì sān míng. - She got the third place in this competition.,3
没事，只是有一点累。,Méi shì ，zhǐshì yǒu yī diǎn lèi.,"It's nothing, just a little bit tired.",没事，只是有一点累。 - Méi shì ，zhǐshì yǒu yī diǎn lèi.,"Méi shì ，zhǐshì yǒu yī diǎn lèi. - It's nothing, just a little bit tired.",3
你没有必要为这件事生气。,nǐ méi yǒu bì yào wéi zhè jiàn shì shēng qì.,You don't have to be angry about this.,你没有必要为这件事生气。 - nǐ méi yǒu bì yào wéi zhè jiàn shì shēng qì.,nǐ méi yǒu bì yào wéi zhè jiàn shì shēng qì. - You don't have to be angry about this.,3
站住!你怎么可以对妈妈说种些话?,Zhàn zhù !nǐ zěn me kě yǐ duì mā mā shuō zhǒng xiē huà ?,Wait! How could you say something like this to your mother?,站住!你怎么可以对妈妈说种些话? - Zhàn zhù !nǐ zěn me kě yǐ duì mā mā shuō zhǒng xiē huà ?,Zhàn zhù !nǐ zěn me kě yǐ duì mā mā shuō zhǒng xiē huà ? - Wait! How could you say something like this to your mother?,3
这真是一个好办法。,zhè zhēn shì yī gè hǎo bàn fǎ.,It's really a great idea!,这真是一个好办法。 - zhè zhēn shì yī gè hǎo bàn fǎ.,zhè zhēn shì yī gè hǎo bàn fǎ. - It's really a great idea!,3
我的妈妈很了解我。,Wǒ de māmā hěn liǎojiě wǒ.,My mother knows me very well.,我的妈妈很了解我。 - Wǒ de māmā hěn liǎojiě wǒ.,Wǒ de māmā hěn liǎojiě wǒ. - My mother knows me very well.,3
这里的秋天不太冷。,zhè lǐ de qiū tiān bù tài lěng.,The autumn here is not so cold.,这里的秋天不太冷。 - zhè lǐ de qiū tiān bù tài lěng.,zhè lǐ de qiū tiān bù tài lěng. - The autumn here is not so cold.,3
她看起来非常年轻。,tā kàn qǐ lái fēi cháng nián qīng.,She seems very young.,她看起来非常年轻。 - tā kàn qǐ lái fēi cháng nián qīng.,tā kàn qǐ lái fēi cháng nián qīng. - She seems very young.,3
这真是一个很大的问题。,Zhè zhēn shì yī gè hěn dà de wèn tí.,This is really a big issue.,这真是一个很大的问题。 - Zhè zhēn shì yī gè hěn dà de wèn tí.,Zhè zhēn shì yī gè hěn dà de wèn tí. - This is really a big issue.,2
哭是解决不了问题的。,Kū shì jiě jué bù le wèn tí de.,Crying can not solve the problem.,哭是解决不了问题的。 - Kū shì jiě jué bù le wèn tí de.,Kū shì jiě jué bù le wèn tí de. - Crying can not solve the problem.,3
她是一个聪明的生意人。,Tā shì yī gè cōng míng de shēng yì rén.,She's a smart businessperson.,她是一个聪明的生意人。 - Tā shì yī gè cōng míng de shēng yì rén.,Tā shì yī gè cōng míng de shēng yì rén. - She's a smart businessperson.,3
真难得今天可以六点以前到家。,Zhēn nándé jīntiān kěyǐ liù diǎn yǐqián dào jiā.,How rare that I can arrive home before six today!,真难得今天可以六点以前到家。 - Zhēn nándé jīntiān kěyǐ liù diǎn yǐqián dào jiā.,Zhēn nándé jīntiān kěyǐ liù diǎn yǐqián dào jiā. - How rare that I can arrive home before six today!,3
爸爸去电影院看电影的时候总是睡着。,Bàba qù diànyǐngyuàn kàn diànyǐng de shíhòu zǒng shì shuì zháo.,Dad always fell asleep when he goes to the cinema for watching movies.,爸爸去电影院看电影的时候总是睡着。 - Bàba qù diànyǐngyuàn kàn diànyǐng de shíhòu zǒng shì shuì zháo.,Bàba qù diànyǐngyuàn kàn diànyǐng de shíhòu zǒng shì shuì zháo. - Dad always fell asleep when he goes to the cinema for watching movies.,3
今天早上太忙，早饭没吃饱。,"Jīntiān zǎo shàng tài máng, zǎo fàn méi chī bǎo.","I'm too busy this morning, I couldn't eat my breakfast till full.","今天早上太忙，早饭没吃饱。 - Jīntiān zǎo shàng tài máng, zǎo fàn méi chī bǎo.","Jīntiān zǎo shàng tài máng, zǎo fàn méi chī bǎo. - I'm too busy this morning, I couldn't eat my breakfast till full.",3
从前，有一个老人住在这里。,"Cóngqián, yǒu yī gè lǎo rén zhù zài zhè lǐ.","Before, there's an old man living here.","从前，有一个老人住在这里。 - Cóngqián, yǒu yī gè lǎo rén zhù zài zhè lǐ.","Cóngqián, yǒu yī gè lǎo rén zhù zài zhè lǐ. - Before, there's an old man living here.",2
我有一个主意，但不知道好不好。,Wǒ yǒu yī gè zhǔ yì ，dàn bù zhī dào hǎo bù hǎo.,I have an idea but I'm not sure it's good or not.,我有一个主意，但不知道好不好。 - Wǒ yǒu yī gè zhǔ yì ，dàn bù zhī dào hǎo bù hǎo.,Wǒ yǒu yī gè zhǔ yì ，dàn bù zhī dào hǎo bù hǎo. - I have an idea but I'm not sure it's good or not.,3
他怎么想，我不在乎。,"Tā zěn me xiǎng, wǒ bù zài hū.",I don't care what he thinks.,"他怎么想，我不在乎。 - Tā zěn me xiǎng, wǒ bù zài hū.","Tā zěn me xiǎng, wǒ bù zài hū. - I don't care what he thinks.",3
当一名记者是我的理想。,Dāng yī míng jìzhě shì wǒ de lǐ xiǎng.,Being a reporter is my dream.,当一名记者是我的理想。 - Dāng yī míng jìzhě shì wǒ de lǐ xiǎng.,Dāng yī míng jìzhě shì wǒ de lǐ xiǎng. - Being a reporter is my dream.,3
服务员，请给我一杯可乐。,"Fú wù yuán, qǐng gěi wǒ yī bēi kě lè.","Waiter, please give me a glass of cola.","服务员，请给我一杯可乐。 - Fú wù yuán, qǐng gěi wǒ yī bēi kě lè.","Fú wù yuán, qǐng gěi wǒ yī bēi kě lè. - Waiter, please give me a glass of cola.",2
虽然我的愿望都没实现，但是我还是很快乐，因为我有我的朋友和家人。,"Suīrán wǒ de yuànwàng dōu méi shíxiàn, dànshì wǒ háishì hěn kuàilè, yīnwèi wǒ yǒu wǒ de péngyǒu hé jiārén.","Although my dreams didn't come true, I'm still happy because I have my friends and family.","虽然我的愿望都没实现，但是我还是很快乐，因为我有我的朋友和家人。 - Suīrán wǒ de yuànwàng dōu méi shíxiàn, dànshì wǒ háishì hěn kuàilè, yīnwèi wǒ yǒu wǒ de péngyǒu hé jiārén.","Suīrán wǒ de yuànwàng dōu méi shíxiàn, dànshì wǒ háishì hěn kuàilè, yīnwèi wǒ yǒu wǒ de péngyǒu hé jiārén. - Although my dreams didn't come true, I'm still happy because I have my friends and family.",3
在我面前你可以说实话，不用担心。,Zài wǒ miàn qián nǐ kě yǐ shuō shí huà ，bù yòng dān xīn.,"You can tell the truth in front of me, don't worry.",在我面前你可以说实话，不用担心。 - Zài wǒ miàn qián nǐ kě yǐ shuō shí huà ，bù yòng dān xīn.,"Zài wǒ miàn qián nǐ kě yǐ shuō shí huà ，bù yòng dān xīn. - You can tell the truth in front of me, don't worry.",3
想试穿的话里面有更衣间。,Xiǎng shìchuān de huà lǐ miàn yǒu gēng yī jiān.,There's the fitting room if you want to try them.,想试穿的话里面有更衣间。 - Xiǎng shìchuān de huà lǐ miàn yǒu gēng yī jiān.,Xiǎng shìchuān de huà lǐ miàn yǒu gēng yī jiān. - There's the fitting room if you want to try them.,3
她的能力不差，但是需要有人帮她一把。,Tā de néng lì bù chà ，dàn shì xū yào yǒu rén bāng tā yī bǎ.,"Her capabilities are okay, but she needs someone to help her a bit.",她的能力不差，但是需要有人帮她一把。 - Tā de néng lì bù chà ，dàn shì xū yào yǒu rén bāng tā yī bǎ.,"Tā de néng lì bù chà ，dàn shì xū yào yǒu rén bāng tā yī bǎ. - Her capabilities are okay, but she needs someone to help her a bit.",3
我的护照不见了，明天要去重新办一本。,"Wǒ de hùzhào bùjiànle, míngtiān yào qù chóngxīn bàn yī běn.","I lost my passport, I'll apply for a new one tomorrow.","我的护照不见了，明天要去重新办一本。 - Wǒ de hùzhào bùjiànle, míngtiān yào qù chóngxīn bàn yī běn.","Wǒ de hùzhào bùjiànle, míngtiān yào qù chóngxīn bàn yī běn. - I lost my passport, I'll apply for a new one tomorrow.",3
吃完饭后，请自动把碗洗一洗。,"Chī wán fàn hòu, qǐng zì dòng bǎ wǎn xǐ yī xǐ.",Please voluntarily wash the dishes after dinner.,"吃完饭后，请自动把碗洗一洗。 - Chī wán fàn hòu, qǐng zì dòng bǎ wǎn xǐ yī xǐ.","Chī wán fàn hòu, qǐng zì dòng bǎ wǎn xǐ yī xǐ. - Please voluntarily wash the dishes after dinner.",3
在我不知道怎么办的时候，妈妈会给我她的意见。,"Zài wǒ bù zhīdào zěnmebàn de shíhòu, māma huì gěi wǒ tā de yìjiàn.","When I don't know what to do, my mom will give me her advice.","在我不知道怎么办的时候，妈妈会给我她的意见。 - Zài wǒ bù zhīdào zěnmebàn de shíhòu, māma huì gěi wǒ tā de yìjiàn.","Zài wǒ bù zhīdào zěnmebàn de shíhòu, māma huì gěi wǒ tā de yìjiàn. - When I don't know what to do, my mom will give me her advice.",3
我的老师会问我们对中文课的想法。,Wǒ de lǎoshī huì wèn wǒmen duì zhōngwén kè de xiǎngfǎ.,My teacher will ask us our opinions about Chinese class.,我的老师会问我们对中文课的想法。 - Wǒ de lǎoshī huì wèn wǒmen duì zhōngwén kè de xiǎngfǎ.,Wǒ de lǎoshī huì wèn wǒmen duì zhōngwén kè de xiǎngfǎ. - My teacher will ask us our opinions about Chinese class.,3
昨天晚上喝了很多酒，今天头很疼。,"Zuótiān wǎnshàng hēle hěnduō jiǔ, jīntiān tóu hěn téng.","I drank too much alcohol, I had a headache today.","昨天晚上喝了很多酒，今天头很疼。 - Zuótiān wǎnshàng hēle hěnduō jiǔ, jīntiān tóu hěn téng.","Zuótiān wǎnshàng hēle hěnduō jiǔ, jīntiān tóu hěn téng. - I drank too much alcohol, I had a headache today.",3
这辆名贵的车是我爸爸的。,Zhè liàng míng guì de chē shì wǒ bà bà de.,This valuable car is my dad's.,这辆名贵的车是我爸爸的。 - Zhè liàng míng guì de chē shì wǒ bà bà de.,Zhè liàng míng guì de chē shì wǒ bà bà de. - This valuable car is my dad's.,3
她不愿意跟我说话。,Tā bù yuàn yì gēn wǒ shuōhuà.,She's not willing to talk to me.,她不愿意跟我说话。 - Tā bù yuàn yì gēn wǒ shuōhuà.,Tā bù yuàn yì gēn wǒ shuōhuà. - She's not willing to talk to me.,3
下个星期我要出差，没办法上课。,"Xià ge xīngqī wǒ yào chūchāi, méi bànfǎ shàngkè.",I'm going on a business trip next week so I can't take the class.,"下个星期我要出差，没办法上课。 - Xià ge xīngqī wǒ yào chūchāi, méi bànfǎ shàngkè.","Xià ge xīngqī wǒ yào chūchāi, méi bànfǎ shàngkè. - I'm going on a business trip next week so I can't take the class.",3
我们家有六个孩子，五个男生和一个女生。,"Wǒ men jiā yǒu liù gè hái zǐ, wǔ gè nán shēng hé yī gè nǚ shēng.","There are six children in my family, five boys and a girl.","我们家有六个孩子，五个男生和一个女生。 - Wǒ men jiā yǒu liù gè hái zǐ, wǔ gè nán shēng hé yī gè nǚ shēng.","Wǒ men jiā yǒu liù gè hái zǐ, wǔ gè nán shēng hé yī gè nǚ shēng. - There are six children in my family, five boys and a girl.",2
这件衣服有三种不同的颜色。,Zhè jiàn yī fú yǒu sān zhǒng bù tóng de yán sè.,This shirt has three different colors.,这件衣服有三种不同的颜色。 - Zhè jiàn yī fú yǒu sān zhǒng bù tóng de yán sè.,Zhè jiàn yī fú yǒu sān zhǒng bù tóng de yán sè. - This shirt has three different colors.,3
他是外行的，你跟他说他听不懂。,"Tā shì wài háng de, nǐ gēn tā shuō tā tīng bù dǒng.","He's nonprofessional, he won't understand what you say.","他是外行的，你跟他说他听不懂。 - Tā shì wài háng de, nǐ gēn tā shuō tā tīng bù dǒng.","Tā shì wài háng de, nǐ gēn tā shuō tā tīng bù dǒng. - He's nonprofessional, he won't understand what you say.",3
我家楼下住了一对老夫妻。,Wǒ jiā lóuxià zhù le yī duì lǎo fū qī.,There's an old couple living downstairs.,我家楼下住了一对老夫妻。 - Wǒ jiā lóuxià zhù le yī duì lǎo fū qī.,Wǒ jiā lóuxià zhù le yī duì lǎo fū qī. - There's an old couple living downstairs.,3
这家小吃店总是有很多人,Zhè jiā xiǎochī diàn zǒng shì yǒu hěnduō rén.,There are always many people in this snack bar.,这家小吃店总是有很多人 - Zhè jiā xiǎochī diàn zǒng shì yǒu hěnduō rén.,Zhè jiā xiǎochī diàn zǒng shì yǒu hěnduō rén. - There are always many people in this snack bar.,3
爸爸最近很忙，几乎没有时间休息。,Bàbɑ zuìjìn hěn máng ， jīhū méiyǒu shíjiān xiūxi .,Dad's very busy recently and almost has no time to rest.,爸爸最近很忙，几乎没有时间休息。 - Bàbɑ zuìjìn hěn máng ， jīhū méiyǒu shíjiān xiūxi .,Bàbɑ zuìjìn hěn máng ， jīhū méiyǒu shíjiān xiūxi . - Dad's very busy recently and almost has no time to rest.,3
这天气，我看是没办法去旅游了。,Zhè tiānqì ，wǒ kàn shì méi bànfǎ qù lǚyóu le .,"See this weather, I don't think we can go travel.",这天气，我看是没办法去旅游了。 - Zhè tiānqì ，wǒ kàn shì méi bànfǎ qù lǚyóu le .,"Zhè tiānqì ，wǒ kàn shì méi bànfǎ qù lǚyóu le . - See this weather, I don't think we can go travel.",3
太早了，不知道去哪儿打车。,Tài zǎo le ， bù zhīdào qù nǎr dǎchē .,"It's too early, I don't know where can I call a taxi.",太早了，不知道去哪儿打车。 - Tài zǎo le ， bù zhīdào qù nǎr dǎchē .,"Tài zǎo le ， bù zhīdào qù nǎr dǎchē . - It's too early, I don't know where can I call a taxi.",2
我下课后马上回家。,Wǒ xiàkè hòu mǎshàng huí jiā.,After class is over I immediately go home.,我下课后马上回家。 - Wǒ xiàkè hòu mǎshàng huí jiā.,Wǒ xiàkè hòu mǎshàng huí jiā. - After class is over I immediately go home.,3
现在网路有一点问题，一时半会还没办法工作。,Xiàn zài wǎng lù yǒu yī diǎn wèn tí ，yī shí bàn huì hái méi bàn fǎ gōng zuò.,"The internet has some problems now, we cannot work for a short time.",现在网路有一点问题，一时半会还没办法工作。 - Xiàn zài wǎng lù yǒu yī diǎn wèn tí ，yī shí bàn huì hái méi bàn fǎ gōng zuò.,"Xiàn zài wǎng lù yǒu yī diǎn wèn tí ，yī shí bàn huì hái méi bàn fǎ gōng zuò. - The internet has some problems now, we cannot work for a short time.",3
